Hold On,Wilson Phillips,1,1990
It Must Have Been Love,Roxette,2,1990
Nothing Compares 2 U,Sinéad O'Connor,3,1990
Poison,Bell Biv DeVoe,4,1990
Vogue,Madonna,5,1990
Vision of Love,Mariah Carey,6,1990
Another Day in Paradise,Phil Collins,7,1990
Hold On,En Vogue,8,1990
Cradle of Love,Billy Idol,9,1990
Blaze of Glory,Jon Bon Jovi,10,1990
Do Me!,Bell Biv DeVoe,11,1990
How Am I Supposed to Live Without You,Michael Bolton,12,1990
Pump Up the Jam,Technotronic,13,1990
Opposites Attract,Paula Abdul and The Wild Pair,14,1990
Escapade,Janet Jackson,15,1990
All I Wanna Do Is Make Love to You,Heart,16,1990
Close to You,Maxi Priest,17,1990
Black Velvet,Alannah Myles,18,1990
Release Me,Wilson Phillips,19,1990
Don't Know Much,Linda Ronstadt and Aaron Neville,20,1990
All Around the World,Lisa Stansfield,21,1990
I Wanna Be Rich,Calloway,22,1990
Rub You the Right Way,Johnny Gill,23,1990
She Ain't Worth It,Glenn Medeiros and Bobby Brown,24,1990
If Wishes Came True,Sweet Sensation,25,1990
The Power,Snap!,26,1990
(Can't Live Without Your) Love and Affection,Nelson,27,1990
Love Will Lead You Back,Taylor Dayne,28,1990
Don't Wanna Fall in Love,Jane Child,29,1990
Two to Make It Right,Seduction,30,1990
Sending All My Love,Linear,31,1990
Unskinny Bop,Poison,32,1990
Step by Step,New Kids on the Block,33,1990
Dangerous,Roxette,34,1990
We Didn't Start the Fire,Billy Joel,35,1990
I Don't Have the Heart,James Ingram,36,1990
Downtown Train,Rod Stewart,37,1990
Rhythm Nation,Janet Jackson,38,1990
I'll Be Your Everything,Tommy Page,39,1990
Roam,The B-52s,40,1990
Everything,Jody Watley,41,1990
Back to Life (However Do You Want Me),Soul II Soul featuring Caron Wheeler,42,1990
Here and Now,Luther Vandross,43,1990
Alright,Janet Jackson,44,1990
Ice Ice Baby,Vanilla Ice,45,1990
Blame It on the Rain,Milli Vanilli,46,1990
Have You Seen Her,MC Hammer,47,1990
With Every Beat of My Heart,Taylor Dayne,48,1990
Come Back to Me,Janet Jackson,49,1990
No More Lies,Michel'le,50,1990
Praying for Time,George Michael,51,1990
How Can We Be Lovers,Michael Bolton,52,1990
Do You Remember,Phil Collins,53,1990
Ready or Not,After 7,54,1990
U Can't Touch This,MC Hammer,55,1990
I Wish It Would Rain Down,Phil Collins,56,1990
Just Between You and Me,Lou Gramm,57,1990
Something Happened on the Way to Heaven,Phil Collins,58,1990
Black Cat,Janet Jackson,59,1990
Can't Stop,After 7,60,1990
Janie's Got a Gun,Aerosmith,61,1990
The Humpty Dance,Digital Underground,62,1990
I'll Be Your Shelter,Taylor Dayne,63,1990
Free Fallin',Tom Petty,64,1990
Giving You the Benefit,Pebbles,65,1990
Enjoy the Silence,Depeche Mode,66,1990
Love Song,Tesla,67,1990
Price of Love,Bad English,68,1990
Girls Nite Out,Tyler Collins,69,1990
King of Wishful Thinking,Go West,70,1990
What Kind of Man Would I Be?,Chicago,71,1990
I Remember You,Skid Row,72,1990
Get Up! (Before the Night Is Over),Technotronic featuring Ya Kid K,73,1990
Here We Are,Gloria Estefan,74,1990
Epic,Faith No More,75,1990
Love Takes Time,Mariah Carey,76,1990
Just Like Jesse James,Cher,77,1990
Love Shack,The B-52s,78,1990
All or Nothing,Milli Vanilli,79,1990
Romeo,Dino,80,1990
Everybody Everybody,Black Box,81,1990
I Go to Extremes,Billy Joel,82,1990
Whip Appeal,Babyface,83,1990
Oh Girl,Paul Young,84,1990
C'mon and Get My Love,D Mob featuring Cathy Dennis,85,1990
(It's Just) The Way That You Love Me,Paula Abdul,86,1990
We Can't Go Wrong,The Cover Girls,87,1990
When I'm Back on My Feet Again,Michael Bolton,88,1990
Make You Sweat,Keith Sweat,89,1990
This One's for the Children,New Kids on the Block,90,1990
What It Takes,Aerosmith,91,1990
Forever,Kiss,92,1990
Jerk Out,The Time,93,1990
Just a Friend,Biz Markie,94,1990
Whole Wide World,A'Me Lorain,95,1990
Without You,Mötley Crüe,96,1990
Swing the Mood,Jive Bunny and the Mastermixers,97,1990
Thieves in the Temple,Prince,98,1990
Mentirosa,Mellow Man Ace,99,1990
Tic-Tac-Toe,Kyper,100,1990
(Everything I Do) I Do It for You,Bryan Adams,1,1991
I Wanna Sex You Up,Color Me Badd,2,1991
Gonna Make You Sweat (Everybody Dance Now),C+C Music Factory,3,1991
Rush Rush,Paula Abdul,4,1991
One More Try,Timmy T,5,1991
Unbelievable,EMF,6,1991
More Than Words,Extreme,7,1991
I Like the Way (The Kissing Game),Hi-Five,8,1991
The First Time,Surface,9,1991
Baby Baby,Amy Grant,10,1991
Motownphilly,Boyz II Men,11,1991
Because I Love You (The Postman Song),Stevie B,12,1991
Someday,Mariah Carey,13,1991
High Enough,Damn Yankees,14,1991
From a Distance,Bette Midler,15,1991
All the Man That I Need,Whitney Houston,16,1991
"Right Here, Right Now",Jesus Jones,17,1991
I Adore Mi Amor,Color Me Badd,18,1991
Love Will Never Do (Without You),Janet Jackson,19,1991
Good Vibrations,Marky Mark and the Funky Bunch featuring Loleatta Holloway,20,1991
Justify My Love,Madonna,21,1991
Emotions,Mariah Carey,22,1991
Joyride,Roxette,23,1991
Romantic,Karyn White,24,1991
Hold You Tight,Tara Kemp,25,1991
I Don't Wanna Cry,Mariah Carey,26,1991
You're in Love,Wilson Phillips,27,1991
Every Heartbeat,Amy Grant,28,1991
Sensitivity,Ralph Tresvant,29,1991
Touch Me (All Night Long),Cathy Dennis,30,1991
I've Been Thinking About You,Londonbeat,31,1991
Do Anything,Natural Selection,32,1991
Losing My Religion,R.E.M.,33,1991
Coming Out of the Dark,Gloria Estefan,34,1991
It Ain't Over 'til It's Over,Lenny Kravitz,35,1991
Here We Go,C+C Music Factory,36,1991
Where Does My Heart Beat Now,Celine Dion,37,1991
Summertime,DJ Jazzy Jeff & The Fresh Prince,38,1991
Wind of Change,Scorpions,39,1991
P.A.S.S.I.O.N.,Rythm Syndicate,40,1991
The Promise of a New Day,Paula Abdul,41,1991
I'm Your Baby Tonight,Whitney Houston,42,1991
Love of a Lifetime,FireHouse,43,1991
Fading Like a Flower (Every Time You Leave),Roxette,44,1991
This House,Tracie Spencer,45,1991
Hole Hearted,Extreme,46,1991
Power of Love/Love Power,Luther Vandross,47,1991
Impulsive,Wilson Phillips,48,1991
Love Is a Wonderful Thing,Michael Bolton,49,1991
Rhythm of My Heart,Rod Stewart,50,1991
Things That Make You Go Hmmm...,C+C Music Factory,51,1991
I Touch Myself,Divinyls,52,1991
Tom's Diner,DNA featuring Suzanne Vega,53,1991
Iesha,Another Bad Creation,54,1991
Something to Talk About,Bonnie Raitt,55,1991
After the Rain,Nelson,56,1991
Play That Funky Music,Vanilla Ice,57,1991
Temptation,Corina,58,1991
Can't Stop This Thing We Started,Bryan Adams,59,1991
I Can't Wait Another Minute,Hi-Five,60,1991
3 a.m. Eternal,The KLF,61,1991
"Time, Love and Tenderness",Michael Bolton,62,1991
Sadeness (Part I),Enigma,63,1991
Around the Way Girl,LL Cool J,64,1991
I'll Be There,The Escape Club,65,1991
Cream,Prince and The New Power Generation,66,1991
Now That We Found Love,Heavy D & the Boyz,67,1991
Show Me the Way,Styx,68,1991
Love Takes Time,Mariah Carey,69,1991
Cry for Help,Rick Astley,70,1991
The Way You Do the Things You Do,UB40,71,1991
Here I Am (Come and Take Me),UB40,72,1991
Signs,Tesla,73,1991
Too Many Walls,Cathy Dennis,74,1991
Crazy,Seal,75,1991
I'll Give All My Love to You,Keith Sweat,76,1991
Place in this World,Michael W. Smith,77,1991
Something to Believe In,Poison,78,1991
Wicked Game,Chris Isaak,79,1991
Get Here,Oleta Adams,80,1991
Round and Round,Tevin Campbell,81,1991
Silent Lucidity,Queensrÿche,82,1991
I'm Not In Love,Will to Power,83,1991
Piece of My Heart,Tara Kemp,84,1991
Real Real Real,Jesus Jones,85,1991
Everybody Plays the Fool,Aaron Neville,86,1991
Just Another Dream,Cathy Dennis,87,1991
Strike It Up,Black Box,88,1991
Rico Suave,Gerardo,89,1991
Disappear,INXS,90,1991
Groove Is in the Heart,Deee-Lite,91,1991
All This Time,Sting,92,1991
The One and Only,Chesney Hawkes,93,1991
O.P.P.,Naughty by Nature,94,1991
Freedom 90,George Michael,95,1991
I Saw Red,Warrant,96,1991
Miles Away,Winger,97,1991
Do You Want Me,Salt-n-Pepa,98,1991
The Motown Song,Rod Stewart,99,1991
Shiny Happy People,R.E.M.,100,1991
End of the Road,Boyz II Men,1,1992
Baby Got Back,Sir Mix-a-Lot,2,1992
Jump,Kris Kross,3,1992
Save the Best for Last,Vanessa Williams,4,1992
Baby-Baby-Baby,TLC,5,1992
Tears in Heaven,Eric Clapton,6,1992
My Lovin' (You're Never Gonna Get It),En Vogue,7,1992
Under the Bridge,Red Hot Chili Peppers,8,1992
All 4 Love,Color Me Badd,9,1992
Just Another Day,Jon Secada,10,1992
I Love Your Smile,Shanice,11,1992
To Be with You,Mr. Big,12,1992
I'm Too Sexy,Right Said Fred,13,1992
Black or White,Michael Jackson,14,1992
Achy Breaky Heart,Billy Ray Cyrus,15,1992
I'll Be There,Mariah Carey,16,1992
November Rain,Guns N' Roses,17,1992
Life Is a Highway,Tom Cochrane,18,1992
Remember the Time,Michael Jackson,19,1992
Finally,CeCe Peniston,20,1992
This Used to Be My Playground,Madonna,21,1992
Sometimes Love Just Ain't Enough,Patty Smyth and Don Henley,22,1992
Can't Let Go,Mariah Carey,23,1992
Jump Around,House of Pain,24,1992
Diamonds and Pearls,Prince and The New Power Generation,25,1992
Don't Let the Sun Go Down on Me,George Michael and Elton John,26,1992
Masterpiece,Atlantic Starr,27,1992
If You Asked Me To,Celine Dion,28,1992
Giving Him Something He Can Feel,En Vogue,29,1992
Live and Learn,Joe Public,30,1992
Come and Talk to Me,Jodeci,31,1992
Smells Like Teen Spirit,Nirvana,32,1992
Humpin' Around,Bobby Brown,33,1992
Damn I Wish I Was Your Lover,Sophie B. Hawkins,34,1992
Tell Me What You Want Me to Do,Tevin Campbell,35,1992
Ain't 2 Proud 2 Beg,TLC,36,1992
It's So Hard to Say Goodbye to Yesterday,Boyz II Men,37,1992
Move This,Technotronic featuring Ya Kid K,38,1992
Bohemian Rhapsody,Queen,39,1992
Tennessee,Arrested Development,40,1992
The Best Things in Life Are Free,Luther Vandross and Janet Jackson,41,1992
Make It Happen,Mariah Carey,42,1992
The One,Elton John,43,1992
Set Adrift on Memory Bliss,P.M. Dawn,44,1992
Stay,Shakespears Sister,45,1992
2 Legit 2 Quit,Hammer,46,1992
Please Don't Go,KWS,47,1992
Breakin' My Heart (Pretty Brown Eyes),Mint Condition,48,1992
Wishing on a Star,The Cover Girls,49,1992
She's Playing Hard to Get,Hi-Five,50,1992
I'd Die Without You,P.M. Dawn,51,1992
Good for Me,Amy Grant,52,1992
All I Want,Toad the Wet Sprocket,53,1992
When a Man Loves a Woman,Michael Bolton,54,1992
I Can't Dance,Genesis,55,1992
Hazard,Richard Marx,56,1992
Mysterious Ways,U2,57,1992
Too Funky,George Michael,58,1992
How Do You Talk to an Angel,The Heights,59,1992
One,U2,60,1992
Keep on Walkin',CeCe Peniston,61,1992
Hold on My Heart,Genesis,62,1992
The Way I Feel About You,Karyn White,63,1992
Beauty and the Beast,Celine Dion and Peabo Bryson,64,1992
Warm It Up,Kris Kross,65,1992
In the Closet,Michael Jackson,66,1992
People Everyday,Arrested Development,67,1992
No Son of Mine,Genesis,68,1992
Wildside,Marky Mark and the Funky Bunch,69,1992
Do I Have to Say the Words?,Bryan Adams,70,1992
Friday I'm in Love,The Cure,71,1992
Everything About You,Ugly Kid Joe,72,1992
Blowing Kisses in the Wind,Paula Abdul,73,1992
Thought I'd Died and Gone to Heaven,Bryan Adams,74,1992
Rhythm Is a Dancer,Snap!,75,1992
Addams Groove,Hammer,76,1992
Missing You Now,Michael Bolton,77,1992
Back to the Hotel,N2Deep,78,1992
Everything Changes,Kathy Troccoli,79,1992
Have You Ever Needed Someone So Bad,Def Leppard,80,1992
Take This Heart,Richard Marx,81,1992
When I Look Into Your Eyes,FireHouse,82,1992
I Wanna Love You,Jade,83,1992
Uhh Ahh,Boyz II Men,84,1992
Real Love,Mary J. Blige,85,1992
Justified and Ancient,The KLF,86,1992
Slow Motion,Color Me Badd,87,1992
What About Your Friends,TLC,88,1992
Thinkin' Back,Color Me Badd,89,1992
Would I Lie to You?,Charles & Eddie,90,1992
That's What Love Is For,Amy Grant,91,1992
Keep Coming Back,Richard Marx,92,1992
Free Your Mind,En Vogue,93,1992
Keep It Comin',Keith Sweat,94,1992
Just Take My Heart,Mr. Big,95,1992
I Will Remember You,Amy Grant,96,1992
We Got a Love Thang,CeCe Peniston,97,1992
Let's Get Rocked,Def Leppard,98,1992
They Want EFX,Das EFX,99,1992
I Can't Make You Love Me,Bonnie Raitt,100,1992
I Will Always Love You,Whitney Houston,1,1993
Whoomp! (There It Is),Tag Team,2,1993
Can't Help Falling in Love,UB40,3,1993
That's the Way Love Goes,Janet Jackson,4,1993
Freak Me,Silk,5,1993
Weak,SWV,6,1993
If I Ever Fall in Love,Shai,7,1993
Dreamlover,Mariah Carey,8,1993
Rump Shaker,Wreckx-n-Effect,9,1993
Informer,Snow,10,1993
Nuthin' but a 'G' Thang,Dr. Dre,11,1993
In the Still of the Nite,Boyz II Men,12,1993
Don't Walk Away,Jade,13,1993
Knockin' da Boots,H-Town,14,1993
Lately,Jodeci,15,1993
Dazzey Duks,Duice,16,1993
Show Me Love,Robin S.,17,1993
A Whole New World,Peabo Bryson and Regina Belle,18,1993
If,Janet Jackson,19,1993
I'm So Into You,SWV,20,1993
Love Is,Vanessa Williams and Brian McKnight,21,1993
Runaway Train,Soul Asylum,22,1993
I'll Never Get Over You (Getting Over Me),Exposé,23,1993
Ditty,Paperboy,24,1993
Rhythm Is a Dancer,Snap!,25,1993
The River of Dreams,Billy Joel,26,1993
I'm Gonna Be (500 Miles),The Proclaimers,27,1993
Two Princes,Spin Doctors,28,1993
Right Here,SWV,29,1993
I Have Nothing,Whitney Houston,30,1993
Mr. Wendal,Arrested Development,31,1993
Have I Told You Lately,Rod Stewart,32,1993
Saving Forever for You,Shanice,33,1993
Ordinary World,Duran Duran,34,1993
If I Had No Loot,Tony! Toni! Toné!,35,1993
I'd Do Anything for Love (But I Won't Do That),Meat Loaf,36,1993
Slam,Onyx,37,1993
Looking Through Patient Eyes,P.M. Dawn,38,1993
I'm Every Woman,Whitney Houston,39,1993
Baby I'm Yours,Shai,40,1993
Come Undone,Duran Duran,41,1993
I Don't Wanna Fight,Tina Turner,42,1993
I'd Die Without You,P.M. Dawn,43,1993
"Whoot, There It Is",95 South,44,1993
Hip Hop Hooray,Naughty by Nature,45,1993
Another Sad Love Song,Toni Braxton,46,1993
Will You Be There,Michael Jackson,47,1993
Comforter,Shai,48,1993
Good Enough,Bobby Brown,49,1993
What's up,4 Non Blondes,50,1993
All That She Wants,Ace of Base,51,1993
7,Prince and The New Power Generation,52,1993
Dre Day,Dr. Dre featuring Snoop Doggy Dogg,53,1993
One Last Cry,Brian McKnight,54,1993
Just Kickin' It,Xscape,55,1993
I Get Around,2Pac,56,1993
Bed of Roses,Bon Jovi,57,1993
Real Love,Mary J. Blige,58,1993
Here We Go Again!,Portrait,59,1993
Cryin',Aerosmith,60,1993
Cat's in the Cradle,Ugly Kid Joe,61,1993
What About Your Friends,TLC,62,1993
I Got a Man,Positive K,63,1993
Hey Mr. D.J.,Zhané,64,1993
Insane in the Brain,Cypress Hill,65,1993
Deeper and Deeper,Madonna,66,1993
Rain,Madonna,67,1993
The Right Kind of Love,Jeremy Jordan,68,1993
Bad Boys,Inner Circle,69,1993
That's What Love Can Do,Boy Krazy,70,1993
Do You Believe in Us,Jon Secada,71,1993
Angel,Jon Secada,72,1993
Forever in Love,Kenny G,73,1993
Again,Janet Jackson,74,1993
Boom! Shake the Room,DJ Jazzy Jeff & The Fresh Prince,75,1993
When She Cries,Restless Heart,76,1993
Sweat (A La La La La Long),Inner Circle,77,1993
It Was a Good Day,Ice Cube,78,1993
More and More,Captain Hollywood Project,79,1993
How Do You Talk to an Angel,The Heights,80,1993
Rebirth of Slick (Cool Like Dat),Digable Planets,81,1993
What Is Love,Haddaway,82,1993
To Love Somebody,Michael Bolton,83,1993
"Give It Up, Turn It Loose",En Vogue,84,1993
Alright,Kris Kross,85,1993
Check Yo Self,Ice Cube featuring Das EFX,86,1993
Fields of Gold,Sting,87,1993
Ooh Child,Dino,88,1993
Faithful,Go West,89,1993
Reason to Believe,Rod Stewart,90,1993
Break It Down Again,Tears for Fears,91,1993
Nothin' My Love Can't Fix,Joey Lawrence,92,1993
Three Little Pigs,Green Jellÿ,93,1993
Livin' on the Edge,Aerosmith,94,1993
Hey Jealousy,Gin Blossoms,95,1993
If I Ever Lose My Faith in You,Sting,96,1993
Anniversary,Tony! Toni! Tone!,97,1993
One Woman,Jade,98,1993
Can't Get Enough of Your Love,Taylor Dayne,99,1993
Two Steps Behind,Def Leppard,100,1993
The Sign,Ace of Base,1,1994
I Swear,All-4-One,2,1994
I'll Make Love to You,Boyz II Men,3,1994
The Power of Love,Céline Dion,4,1994
Hero,Mariah Carey,5,1994
Stay (I Missed You),Lisa Loeb and Nine Stories,6,1994
Breathe Again,Toni Braxton,7,1994
All for Love,"Bryan Adams, Rod Stewart and Sting",8,1994
All That She Wants,Ace of Base,9,1994
Don't Turn Around,Ace of Base,10,1994
Bump n' Grind,R. Kelly,11,1994
Again,Janet Jackson,12,1994
I'll Remember,Madonna,13,1994
Whatta Man,Salt-n-Pepa and En Vogue,14,1994
Wild Night,John Mellencamp featuring Meshell Ndegeocello,15,1994
"Without You"" / ""Never Forget You",Mariah Carey,16,1994
You Mean the World to Me,Toni Braxton,17,1994
Can You Feel the Love Tonight,Elton John,18,1994
The Most Beautiful Girl in the World,Prince,19,1994
Fantastic Voyage,Coolio,20,1994
"Baby, I Love Your Way",Big Mountain,21,1994
Regulate,Warren G featuring Nate Dogg,22,1994
If You Go,Jon Secada,23,1994
Back & Forth,Aaliyah,24,1994
Now and Forever,Richard Marx,25,1994
When Can I See You,Babyface,26,1994
Please Forgive Me,Bryan Adams,27,1994
So Much in Love,All-4-One,28,1994
Shoop,Salt-n-Pepa,29,1994
"Any Time, Any Place",Janet Jackson,30,1994
Shine,Collective Soul,31,1994
Said I Loved You...But I Lied,Michael Bolton,32,1994
Return to Innocence,Enigma,33,1994
All I Wanna Do,Sheryl Crow,34,1994
Mmm Mmm Mmm Mmm,Crash Test Dummies,35,1994
Can We Talk,Tevin Campbell,36,1994
Funkdafied,Da Brat,37,1994
I'd Do Anything for Love (But I Won't Do That),Meat Loaf,38,1994
Gangsta Lean,DRS,39,1994
Because the Night,"10,000 Maniacs",40,1994
Cantaloop (Flip Fantasia),Us3,41,1994
Whoomp! (There It Is),Tag Team,42,1994
Come to My Window,Melissa Etheridge,43,1994
Stroke You Up,Changing Faces,44,1994
I'm Ready,Tevin Campbell,45,1994
100% Pure Love,Crystal Waters,46,1994
Anytime You Need a Friend,Mariah Carey,47,1994
Because of Love,Janet Jackson,48,1994
Linger,The Cranberries,49,1994
Loser,Beck,50,1994
Found Out About You,Gin Blossoms,51,1994
Gin and Juice,Snoop Doggy Dogg,52,1994
Never Lie,Immature,53,1994
Streets of Philadelphia,Bruce Springsteen,54,1994
Getto Jam,Domino,55,1994
Endless Love,Luther Vandross and Mariah Carey,56,1994
I Miss You,Aaron Hall,57,1994
Understanding,Xscape,58,1994
This D.J.,Warren G,59,1994
Cry for You,Jodeci,60,1994
Keep Ya Head Up,2Pac,61,1994
What's My Name?,Snoop Doggy Dogg,62,1994
Another Night,Real McCoy,63,1994
Your Body's Callin',R. Kelly,64,1994
Tootsee Roll,69 Boyz,65,1994
I Can See Clearly Now,Jimmy Cliff,66,1994
Never Keeping Secrets,Babyface,67,1994
Crazy,Aerosmith,68,1994
Just Kickin' It,Xscape,69,1994
(At Your Best) You Are Love,Aaliyah,70,1994
Rock and Roll Dreams Come Through,Meat Loaf,71,1994
Amazing,Aerosmith,72,1994
Always,Erasure,73,1994
Groove Thang,Zhané,74,1994
Dreams,Gabrielle,75,1994
Mr. Vain,Culture Beat,76,1994
Mary Jane's Last Dance,Tom Petty and the Heartbreakers,77,1994
Anything,SWV,78,1994
Beautiful in My Eyes,Joshua Kadison,79,1994
Stay,Eternal,80,1994
Flava in Ya Ear,Craig Mack,81,1994
U.N.I.T.Y.,Queen Latifah,82,1994
Prayer for the Dying,Seal,83,1994
Secret,Madonna,84,1994
Here Comes the Hotstepper,Ini Kamoze,85,1994
Everyday,Phil Collins,86,1994
Don't Take the Girl,Tim McGraw,87,1994
Got Me Waiting,Heavy D & the Boyz,88,1994
"December, 1963 (Oh, What a Night)",The Four Seasons,89,1994
Indian Outlaw,Tim McGraw,90,1994
Always,Bon Jovi,91,1994
I'm the Only One,Melissa Etheridge,92,1994
Back in the Day,Ahmad,93,1994
Love Sneakin' Up On You,Bonnie Raitt,94,1994
I'll Take You There,General Public,95,1994
Always in My Heart,Tevin Campbell,96,1994
What Is Love,Haddaway,97,1994
And Our Feelings,Babyface,98,1994
Bop Gun (One Nation),Ice Cube featuring George Clinton,99,1994
I Wanna Be Down,Brandy,100,1994
Gangsta's Paradise,Coolio featuring L.V.,1,1995
Waterfalls,TLC,2,1995
Creep,TLC,3,1995
Kiss from a Rose,Seal,4,1995
On Bended Knee,Boyz II Men,5,1995
Another Night,Real McCoy,6,1995
Fantasy,Mariah Carey,7,1995
Take a Bow,Madonna,8,1995
Don't Take It Personal (Just One of Dem Days),Monica,9,1995
This Is How We Do It,Montell Jordan,10,1995
I Know,Dionne Farris,11,1995
Water Runs Dry,Boyz II Men,12,1995
Freak Like Me,Adina Howard,13,1995
Run-Around,Blues Traveler,14,1995
I Can Love You Like That,All-4-One,15,1995
Have You Ever Really Loved a Woman?,Bryan Adams,16,1995
Always,Bon Jovi,17,1995
Boombastic,Shaggy,18,1995
Total Eclipse of the Heart,Nicki French,19,1995
You Gotta Be,Des'ree,20,1995
You Are Not Alone,Michael Jackson,21,1995
Hold My Hand,Hootie & the Blowfish,22,1995
One More Chance,The Notorious B.I.G.,23,1995
Here Comes the Hotstepper,Ini Kamoze,24,1995
Candy Rain,Soul for Real,25,1995
Let Her Cry,Hootie & the Blowfish,26,1995
I Believe,Blessid Union of Souls,27,1995
Red Light Special,TLC,28,1995
Runaway,Janet Jackson,29,1995
Strong Enough,Sheryl Crow,30,1995
Colors of the Wind,Vanessa Williams,31,1995
Someone to Love,Jon B.,32,1995
Only Wanna Be with You,Hootie & the Blowfish,33,1995
If You Love Me,Brownstone,34,1995
In the House of Stone and Light,Martin Page,35,1995
I Got 5 on It,Luniz,36,1995
Baby,Brandy,37,1995
Run Away,Real McCoy,38,1995
As I Lay Me Down,Sophie B. Hawkins,39,1995
He's Mine,Mokenstef,40,1995
December,Collective Soul,41,1995
I'll Be There for You/You're All I Need to Get By,Method Man featuring Mary J. Blige,42,1995
Shy Guy,Diana King,43,1995
I'm the Only One,Melissa Etheridge,44,1995
Every Little Thing I Do,Soul for Real,45,1995
Before I Let You Go,Blackstreet,46,1995
Big Poppa,The Notorious B.I.G.,47,1995
Sukiyaki,4 P.M.,48,1995
I Wanna Be Down,Brandy,49,1995
I'll Make Love to You,Boyz II Men,50,1995
Dear Mama,2Pac,51,1995
Hold On,Jamie Walters,52,1995
Keep Their Heads Ringin',Dr. Dre,53,1995
The Rhythm of the Night,Corona,54,1995
Roll to Me,Del Amitri,55,1995
Scream,Michael Jackson and Janet Jackson,56,1995
Freek'n You,Jodeci,57,1995
I Wish,Skee-Lo,58,1995
Believe,Elton John,59,1995
Carnival,Natalie Merchant,60,1995
You Don't Know How It Feels,Tom Petty,61,1995
Back for Good,Take That,62,1995
Tootsee Roll,69 Boyz,63,1995
You Want This,Janet Jackson,64,1995
Tell Me,Groove Theory,65,1995
Can't You See,Total featuring The Notorious B.I.G.,66,1995
All I Wanna Do,Sheryl Crow,67,1995
This Lil' Game We Play,Subway featuring 702,68,1995
Come and Get Your Love,Real McCoy,69,1995
This Ain't a Love Song,Bon Jovi,70,1995
Secret,Madonna,71,1995
Player's Anthem,Junior M.A.F.I.A. featuring The Notorious B.I.G.,72,1995
Feel Me Flow,Naughty by Nature,73,1995
Every Day of the Week,Jade,74,1995
The Sweetest Days,Vanessa Williams,75,1995
Short Dick Man,20 Fingers featuring Gillette,76,1995
Brokenhearted,Brandy featuring Wanya Morris,77,1995
No More I Love You's,Annie Lennox,78,1995
You Used to Love Me,Faith Evans,79,1995
Constantly,Immature,80,1995
"Hold Me, Thrill Me, Kiss Me, Kill Me",U2,81,1995
100% Pure Love,Crystal Waters,82,1995
Ask of You,Raphael Saadiq,83,1995
Sugar Hill,AZ,84,1995
Good,Better Than Ezra,85,1995
Brown Sugar,D'Angelo,86,1995
Turn the Beat Around,Gloria Estefan,87,1995
'Til You Do Me Right,After 7,88,1995
1st of tha Month,Bone Thugs-n-Harmony,89,1995
Like the Way I Do,Melissa Etheridge,90,1995
I Live My Life for You,FireHouse,91,1995
Dream About You,Stevie B,92,1995
Cotton Eye Joe,Rednex,93,1995
Thank You,Boyz II Men,94,1995
I'll Stand by You,The Pretenders,95,1995
I Miss You,N II U,96,1995
Give It 2 You,Da Brat,97,1995
Best Friend,Brandy,98,1995
Misery,Soul Asylum,99,1995
Can't Stop Lovin' You,Van Halen,100,1995
Macarena (Bayside Boys Mix),Los del Río,1,1996
One Sweet Day,Mariah Carey and Boyz II Men,2,1996
Because You Loved Me,Celine Dion,3,1996
Nobody Knows,The Tony Rich Project,4,1996
Always Be My Baby,Mariah Carey,5,1996
Give Me One Reason,Tracy Chapman,6,1996
Tha Crossroads,Bone Thugs-n-Harmony,7,1996
I Love You Always Forever,Donna Lewis,8,1996
"You're Makin' Me High"" / ""Let It Flow",Toni Braxton,9,1996
Twisted,Keith Sweat,10,1996
C'mon N' Ride It (The Train),Quad City DJ's,11,1996
Missing,Everything but the Girl,12,1996
Ironic,Alanis Morissette,13,1996
Exhale (Shoop Shoop),Whitney Houston,14,1996
"Follow You Down"" / ""Til I Hear It from You",Gin Blossoms,15,1996
Sittin' Up in My Room,Brandy,16,1996
"How Do U Want It"" / ""California Love",2Pac featuring K-Ci and JoJo,17,1996
It's All Coming Back to Me Now,Celine Dion,18,1996
Change the World,Eric Clapton,19,1996
Hey Lover,LL Cool J,20,1996
Loungin,LL Cool J,21,1996
Insensitive,Jann Arden,22,1996
Be My Lover,La Bouche,23,1996
Name,Goo Goo Dolls,24,1996
Who Will Save Your Soul,Jewel,25,1996
Where Do You Go,No Mercy,26,1996
I Can't Sleep Baby (If I),R. Kelly,27,1996
Counting Blue Cars,Dishwalla,28,1996
"You Learn"" / ""You Oughta Know",Alanis Morissette,29,1996
One of Us,Joan Osborne,30,1996
Wonder,Natalie Merchant,31,1996
Not Gon' Cry,Mary J. Blige,32,1996
Gangsta's Paradise,Coolio featuring L.V.,33,1996
Only You,112 featuring The Notorious B.I.G. and Mase,34,1996
Down Low (Nobody Has to Know),R. Kelly featuring The Isley Brothers,35,1996
You're the One,SWV,36,1996
Sweet Dreams,La Bouche,37,1996
"Before You Walk Out of My Life"" / ""Like This and Like That",Monica,38,1996
Breakfast at Tiffany's,Deep Blue Something,39,1996
"1, 2, 3, 4 (Sumpin' New)",Coolio,40,1996
The World I Know,Collective Soul,41,1996
No Diggity,Blackstreet featuring Dr. Dre,42,1996
Anything,3T,43,1996
1979,The Smashing Pumpkins,44,1996
Diggin' on You,TLC,45,1996
"Why I Love You So Much"" / ""Ain't Nobody",Monica,46,1996
Kissin' You,Total,47,1996
Count On Me,Whitney Houston featuring CeCe Winans,48,1996
Fantasy,Mariah Carey,49,1996
Time,Hootie & the Blowfish,50,1996
You'll See,Madonna,51,1996
Last Night,Az Yet,52,1996
Mouth,Merril Bainbridge,53,1996
"The Earth, the Sun, the Rain",Color Me Badd,54,1996
All the Things (Your Man Won't Do),Joe,55,1996
Wonderwall,Oasis,56,1996
Woo Hah!! Got You All in Check,Busta Rhymes,57,1996
Tell Me,Groove Theory,58,1996
Elevators (Me & You),Outkast,59,1996
Hook,Blues Traveler,60,1996
Doin' It,LL Cool J,61,1996
Fastlove,George Michael,62,1996
"Touch Me, Tease Me",Case featuring Foxy Brown,63,1996
Tonite's tha Night ,Kris Kross,64,1996
Children,Robert Miles,65,1996
Theme from Mission: Impossible,Adam Clayton and Larry Mullen,66,1996
Closer to Free,BoDeans,67,1996
Just a Girl,No Doubt,68,1996
If Your Girl Only Knew,Aaliyah,69,1996
Lady,D'Angelo,70,1996
Key West Intermezzo (I Saw You First),John Mellencamp,71,1996
Pony,Ginuwine,72,1996
Nobody,Keith Sweat featuring Athena Cage,73,1996
Old Man and Me (When I Get To Heaven),Hootie & the Blowfish,74,1996
If It Makes You Happy,Sheryl Crow,75,1996
As I Lay Me Down,Sophie B. Hawkins,76,1996
"Keep On, Keepin' On",MC Lyte featuring Xscape,77,1996
Jealousy,Natalie Merchant,78,1996
I Want to Come Over,Melissa Etheridge,79,1996
Who Do U Love,Deborah Cox,80,1996
Un-Break My Heart,Toni Braxton,81,1996
This Is Your Night,Amber,82,1996
You Remind Me of Something,R. Kelly,83,1996
Runaway,Janet Jackson,84,1996
Set U Free,Planet Soul,85,1996
Hit Me Off,New Edition,86,1996
No One Else,Total,87,1996
My Boo,Ghost Town DJ's,88,1996
Get Money,Junior M.A.F.I.A. featuring The Notorious B.I.G.,89,1996
That Girl,Maxi Priest featuring Shaggy,90,1996
Po Pimp,Do or Die featuring Twista,91,1996
Until It Sleeps,Metallica,92,1996
Hay,Crucial Conflict,93,1996
Beautiful Life,Ace of Base,94,1996
Back for Good,Take That,95,1996
I Got Id,Pearl Jam,96,1996
Soon as I Get Home,Faith Evans,97,1996
Macarena,Los del Río,98,1996
Only Wanna Be with You,Hootie & the Blowfish,99,1996
Don't Cry,Seal,100,1996
"Something About the Way You Look Tonight"" / ""Candle in the Wind 1997",Elton John,1,1997
"Foolish Games"" / ""You Were Meant for Me",Jewel,2,1997
I'll Be Missing You,Puff Daddy featuring Faith Evans and 112,3,1997
Un-Break My Heart,Toni Braxton,4,1997
Can't Nobody Hold Me Down,Puff Daddy featuring Mase,5,1997
I Believe I Can Fly,R. Kelly,6,1997
Don't Let Go (Love),En Vogue,7,1997
Return of the Mack,Mark Morrison,8,1997
How Do I Live,LeAnn Rimes,9,1997
Wannabe,Spice Girls,10,1997
Quit Playing Games (With My Heart),Backstreet Boys,11,1997
MMMBop,Hanson,12,1997
For You I Will,Monica,13,1997
You Make Me Wanna...,Usher,14,1997
Bitch,Meredith Brooks,15,1997
Nobody,Keith Sweat featuring Athena Cage,16,1997
Semi-Charmed Life,Third Eye Blind,17,1997
Barely Breathing,Duncan Sheik,18,1997
Hard to Say I'm Sorry,Az Yet featuring Peter Cetera,19,1997
Mo Money Mo Problems,The Notorious B.I.G. featuring Puff Daddy and Mase,20,1997
The Freshmen,The Verve Pipe,21,1997
I Want You,Savage Garden,22,1997
No Diggity,Blackstreet featuring Dr. Dre,23,1997
I Belong to You (Every Time I See Your Face),Rome,24,1997
Hypnotize,The Notorious B.I.G.,25,1997
Every Time I Close My Eyes,Babyface,26,1997
In My Bed,Dru Hill,27,1997
Say You'll Be There,Spice Girls,28,1997
Do You Know (What It Takes),Robyn,29,1997
4 Seasons of Loneliness,Boyz II Men,30,1997
G.H.E.T.T.O.U.T.,Changing Faces,31,1997
Honey,Mariah Carey,32,1997
I Believe in You and Me,Whitney Houston,33,1997
Da' Dip,Freak Nasty,34,1997
2 Become 1,Spice Girls,35,1997
All for You,Sister Hazel,36,1997
Cupid,112,37,1997
Where Have All the Cowboys Gone?,Paula Cole,38,1997
Sunny Came Home,Shawn Colvin,39,1997
It's Your Love,Tim McGraw and Faith Hill,40,1997
Ooh Aah... Just a Little Bit,Gina G,41,1997
Mouth,Merril Bainbridge,42,1997
All Cried Out,Allure featuring 112,43,1997
I'm Still in Love with You,New Edition,44,1997
Invisible Man,98 Degrees,45,1997
Not Tonight,"Lil' Kim featuring Da Brat, Left Eye, Missy Elliott and Angie Martinez",46,1997
Look into My Eyes,Bone Thugs-n-Harmony,47,1997
Get It Together,702,48,1997
All by Myself,Celine Dion,49,1997
It's All Coming Back to Me Now,Celine Dion,50,1997
My Love Is the Shhh!,Somethin' for the People featuring Trina & Tamara,51,1997
Where Do You Go,No Mercy,52,1997
I Finally Found Someone,Barbra Streisand and Bryan Adams,53,1997
I'll Be,Foxy Brown featuring Jay-Z,54,1997
If It Makes You Happy,Sheryl Crow,55,1997
Never Make a Promise,Dru Hill,56,1997
When You Love a Woman,Journey,57,1997
Up Jumps da Boogie,Timbaland & Magoo featuring Missy Elliott and Aaliyah,58,1997
"I Don't Want To"" / ""I Love Me Some Him",Toni Braxton,59,1997
Everyday Is a Winding Road,Sheryl Crow,60,1997
Cold Rock a Party,MC Lyte,61,1997
Pony,Ginuwine,62,1997
Building a Mystery,Sarah McLachlan,63,1997
I Love You Always Forever,Donna Lewis,64,1997
Your Woman,White Town,65,1997
C U When U Get There,Coolio featuring 40 Thevz,66,1997
Change the World,Eric Clapton,67,1997
My Baby Daddy,B-Rock and the Bizz,68,1997
Tubthumping,Chumbawamba,69,1997
Gotham City,R. Kelly,70,1997
Last Night,Az Yet,71,1997
The Jock Jam,Various Artists,72,1997
Big Daddy,Heavy D,73,1997
What About Us,Total,74,1997
Smile,Scarface featuring 2Pac and Johnny P.,75,1997
What's on Tonight,Montell Jordan,76,1997
Secret Garden,Bruce Springsteen,77,1997
The One I Gave My Heart To,Aaliyah,78,1997
Fly Like an Eagle,Seal,79,1997
No Time,Lil' Kim featuring Puff Daddy,80,1997
Naked Eye,Luscious Jackson,81,1997
Macarena (Bayside Boys Mix),Los del Río,82,1997
On & On,Erykah Badu,83,1997
Don't Wanna Be a Player,Joe,84,1997
I Shot the Sheriff,Warren G,85,1997
You Should Be Mine (Don't Waste Your Time),Brian McKnight featuring Mase,86,1997
Don't Cry for Me Argentina,Madonna,87,1997
Someone,SWV and Puff Daddy,88,1997
Go the Distance,Michael Bolton,89,1997
One More Time,Real McCoy,90,1997
Butta Love,Next,91,1997
Coco Jambo,Mr. President,92,1997
Twisted,Keith Sweat,93,1997
Barbie Girl,Aqua,94,1997
"When You're Gone"" / ""Free to Decide",The Cranberries,95,1997
Let Me Clear My Throat,DJ Kool,96,1997
I Like It,The Blackout All-Stars,97,1997
"You're Makin' Me High"" / ""Let It Flow",Toni Braxton,98,1997
You Must Love Me,Madonna,99,1997
Let It Go,Ray J,100,1997
Too Close,Next,1,1998
The Boy Is Mine,Brandy and Monica,2,1998
You're Still the One,Shania Twain,3,1998
Truly Madly Deeply,Savage Garden,4,1998
How Do I Live,LeAnn Rimes,5,1998
Together Again,Janet,6,1998
All My Life,K-Ci & JoJo,7,1998
Candle in the Wind 1997,Elton John,8,1998
Nice & Slow,Usher,9,1998
I Don't Want to Wait,Paula Cole,10,1998
How's It Going to Be,Third Eye Blind,11,1998
"No, No, No",Destiny's Child,12,1998
My Heart Will Go On,Celine Dion,13,1998
Gettin' Jiggy wit It,Will Smith,14,1998
You Make Me Wanna...,Usher,15,1998
My Way,Usher,16,1998
My All,Mariah Carey,17,1998
The First Night,Monica,18,1998
Been Around the World,Puff Daddy featuring The Notorious B.I.G. and Mase,19,1998
Adia,Sarah McLachlan,20,1998
Crush,Jennifer Paige,21,1998
Everybody (Backstreet's Back),Backstreet Boys,22,1998
I Don't Want to Miss a Thing,Aerosmith,23,1998
Body Bumpin' (Yippie-Yi-Yo),Public Announcement,24,1998
This Kiss,Faith Hill,25,1998
I Don't Ever Want to See You Again,Uncle Sam,26,1998
Let's Ride,Montell Jordan featuring Master P and Silkk the Shocker,27,1998
Sex and Candy,Marcy Playground,28,1998
Show Me Love,Robyn,29,1998
A Song for Mama,Boyz II Men,30,1998
What You Want,Mase featuring Total,31,1998
Frozen,Madonna,32,1998
Gone till November,Wyclef Jean,33,1998
My Body,LSG,34,1998
Tubthumping,Chumbawamba,35,1998
Deja Vu (Uptown Baby),Lord Tariq and Peter Gunz,36,1998
I Want You Back,'N Sync,37,1998
When the Lights Go Out,Five,38,1998
They Don't Know,Jon B.,39,1998
Make 'Em Say Uhh!,"Master P featuring Fiend, Silkk the Shocker, Mia X and Mystikal",40,1998
Make It Hot,Nicole featuring Missy Elliott and Mocha,41,1998
Never Ever,All Saints,42,1998
I Get Lonely,Janet Jackson featuring Blackstreet,43,1998
Feel So Good,Mase featuring Kelly Price,44,1998
Say It,Voices of Theory,45,1998
Kiss the Rain,Billie Myers,46,1998
Come with Me,Puff Daddy featuring Jimmy Page,47,1998
Romeo and Juliet,Sylk-E. Fyne featuring Chill,48,1998
It's All About Me,Mýa and Sisqo,49,1998
I Will Come to You,Hanson,50,1998
One Week,Barenaked Ladies,51,1998
Swing My Way,K. P. & Envyi,52,1998
The Arms of the One Who Loves You,Xscape,53,1998
My Love Is the Shhh!,Somethin' for the People featuring Trina & Tamara,54,1998
Daydreamin',Tatyana Ali,55,1998
We're Not Making Love No More,Dru Hill,56,1998
Semi-Charmed Life,Third Eye Blind,57,1998
I Do,Lisa Loeb,58,1998
Lookin' at Me,Mase featuring Puff Daddy,59,1998
Looking Through Your Eyes,LeAnn Rimes,60,1998
Lately,Divine,61,1998
Quit Playing Games (With My Heart),Backstreet Boys,62,1998
I Still Love You,Next,63,1998
Time After Time,INOJ,64,1998
Are You Jimmy Ray?,Jimmy Ray,65,1998
Cruel Summer,Ace of Base,66,1998
I Got the Hook Up,Master P featuring Sons of Funk,67,1998
Victory,Puff Daddy featuring The Notorious B.I.G. and Busta Rhymes,68,1998
Too Much,Spice Girls,69,1998
Ghetto Supastar (That Is What You Are),Pras Michel featuring Ol' Dirty Bastard and Mýa,70,1998
How Deep Is Your Love,Dru Hill featuring Redman,71,1998
Friend of Mine,Kelly Price featuring R. Kelly and Ron Isley,72,1998
Turn It Up (Remix)/Fire It Up,Busta Rhymes,73,1998
I'll Be,Edwin McCain,74,1998
Ray of Light,Madonna,75,1998
All for You,Sister Hazel,76,1998
Touch It,Monifah,77,1998
"Money, Power & Respect",The LOX featuring DMX and Lil' Kim,78,1998
Bitter Sweet Symphony,The Verve,79,1998
Dangerous,Busta Rhymes,80,1998
Spice Up Your Life,Spice Girls,81,1998
Because of You,98 Degrees,82,1998
The Mummers' Dance,Loreena McKennitt,83,1998
All Cried Out,Allure featuring 112,84,1998
Still Not a Player,Big Pun featuring Joe,85,1998
The One I Gave My Heart To,Aaliyah,86,1998
"Foolish Games"" / ""You Were Meant for Me",Jewel,87,1998
Love You Down,INOJ,88,1998
Do for Love,2Pac featuring Eric Williams,89,1998
Raise the Roof,Luke featuring No Good But So Good,90,1998
Heaven,Nu Flavor,91,1998
The Party Continues,Jermaine Dupri featuring Da Brat and Usher,92,1998
Sock It 2 Me,Missy Elliott featuring Da Brat,93,1998
Butta Love,Next,94,1998
A Rose Is Still a Rose,Aretha Franklin,95,1998
4 Seasons of Loneliness,Boyz II Men,96,1998
Father,LL Cool J,97,1998
Thinkin' Bout It,Gerald Levert,98,1998
Nobody's Supposed to Be Here,Deborah Cox,99,1998
Westside,TQ,100,1998
Believe,Cher,1,1999
No Scrubs,TLC,2,1999
Angel of Mine,Monica,3,1999
Heartbreak Hotel,Whitney Houston featuring Faith Evans and Kelly Price,4,1999
...Baby One More Time,Britney Spears,5,1999
Kiss Me,Sixpence None the Richer,6,1999
Genie in a Bottle,Christina Aguilera,7,1999
Every Morning,Sugar Ray,8,1999
Nobody's Supposed to Be Here,Deborah Cox,9,1999
Livin' la Vida Loca,Ricky Martin,10,1999
Where My Girls At?,702,11,1999
If You Had My Love,Jennifer Lopez,12,1999
Slide,Goo Goo Dolls,13,1999
Have You Ever?,Brandy,14,1999
I Want It That Way,Backstreet Boys,15,1999
I'm Your Angel,R. Kelly and Celine Dion,16,1999
All Star,Smash Mouth,17,1999
Angel,Sarah McLachlan,18,1999
Smooth,Santana featuring Rob Thomas,19,1999
Unpretty,TLC,20,1999
"Bills, Bills, Bills",Destiny's Child,21,1999
Save Tonight,Eagle-Eye Cherry,22,1999
Last Kiss,Pearl Jam,23,1999
Fortunate,Maxwell,24,1999
All I Have to Give,Backstreet Boys,25,1999
Bailamos,Enrique Iglesias,26,1999
What's It Gonna Be?!,Busta Rhymes featuring Janet,27,1999
What It's Like,Everlast,28,1999
Fly Away,Lenny Kravitz,29,1999
Someday,Sugar Ray,30,1999
Lately,Divine,31,1999
That Don't Impress Me Much,Shania Twain,32,1999
Wild Wild West,Will Smith featuring Dru Hill and Kool Moe Dee,33,1999
Scar Tissue,Red Hot Chili Peppers,34,1999
Heartbreaker,Mariah Carey featuring Jay-Z,35,1999
I Still Believe,Mariah Carey,36,1999
The Hardest Thing,98 Degrees,37,1999
Summer Girls,LFO,38,1999
Can I Get A...,Jay-Z featuring Amil and Ja Rule,39,1999
Jumper,Third Eye Blind,40,1999
Doo Wop (That Thing),Lauryn Hill,41,1999
Mambo No. 5,Lou Bega,42,1999
Sweet Lady,Tyrese,43,1999
It's Not Right but It's Okay,Whitney Houston,44,1999
(God Must Have Spent) A Little More Time on You,'N Sync,45,1999
Lullaby,Shawn Mullins,46,1999
Anywhere,112 featuring Lil Zane,47,1999
Tell Me It's Real,K-Ci & JoJo,48,1999
Back 2 Good,Matchbox 20,49,1999
808,Blaque,50,1999
She's So High,Tal Bachman,51,1999
She's All I Ever Had,Ricky Martin,52,1999
Miami,Will Smith,53,1999
Hands,Jewel,54,1999
Who Dat,JT Money featuring Solé,55,1999
Please Remember Me,Tim McGraw,56,1999
From This Moment On,Shania Twain,57,1999
Love Like This,Faith Evans,58,1999
You,Jesse Powell,59,1999
Trippin',Total featuring Missy Elliott,60,1999
If You,Silk,61,1999
Ex-Factor,Lauryn Hill,62,1999
Give It to You,Jordan Knight,63,1999
Black Balloon,Goo Goo Dolls,64,1999
Spend My Life with You,Eric Benét featuring Tamia,65,1999
These Are the Times,Dru Hill,66,1999
I Don't Want to Miss a Thing,Mark Chesnutt,67,1999
I Do (Cherish You),98 Degrees,68,1999
Because of You,98 Degrees,69,1999
I Will Remember You,Sarah McLachlan,70,1999
Chanté's Got a Man,Chanté Moore,71,1999
Happily Ever After,Case,72,1999
My Love Is Your Love,Whitney Houston,73,1999
All Night Long,Faith Evans featuring Puff Daddy,74,1999
Back That Azz Up,Juvenile featuring Mannie Fresh and Lil Wayne,75,1999
Almost Doesn't Count,Brandy,76,1999
Man! I Feel Like a Woman!,Shania Twain,77,1999
Steal My Sunshine,Len,78,1999
I Need to Know,Marc Anthony,79,1999
So Anxious,Ginuwine,80,1999
Faded Pictures,Case featuring Joe,81,1999
Back at One,Brian McKnight,82,1999
When a Woman's Fed Up,R. Kelly,83,1999
How Forever Feels,Kenny Chesney,84,1999
Amazed,Lonestar,85,1999
Sometimes,Britney Spears,86,1999
Ghetto Cowboy,Mo Thugs,87,1999
Out of My Head,Fastball,88,1999
Hard Knock Life (Ghetto Anthem),Jay-Z,89,1999
Jamboree,Naughty by Nature featuring Zhané,90,1999
Take Me There,"Blackstreet featuring Mýa, Mase and Blinky Blink",91,1999
Stay the Same,Joey McIntyre,92,1999
A Lesson in Leavin',Jo Dee Messina,93,1999
Iris,Goo Goo Dolls,94,1999
Satisfy You,Puff Daddy featuring R. Kelly,95,1999
Better Days (And the Bottom Drops Out),Citizen King,96,1999
Music of My Heart,'N Sync and Gloria Estefan,97,1999
Write This Down,George Strait,98,1999
When You Believe,Whitney Houston and Mariah Carey,99,1999
(God Must Have Spent) A Little More Time on You,Alabama and 'N Sync,100,1999
Breathe,Faith Hill,1,2000
Smooth,Santana featuring Rob Thomas,2,2000
Maria Maria,Santana featuring The Product G&B,3,2000
I Wanna Know,Joe,4,2000
Everything You Want,Vertical Horizon,5,2000
Say My Name,Destiny's Child,6,2000
I Knew I Loved You,Savage Garden,7,2000
Amazed,Lonestar,8,2000
Bent,Matchbox Twenty,9,2000
He Wasn't Man Enough,Toni Braxton,10,2000
Higher,Creed,11,2000
Try Again,Aaliyah,12,2000
"Jumpin', Jumpin'",Destiny's Child,13,2000
Thong Song,Sisqó,14,2000
Kryptonite,3 Doors Down,15,2000
There You Go,Pink,16,2000
Music,Madonna,17,2000
Doesn't Really Matter,Janet Jackson,18,2000
What a Girl Wants,Christina Aguilera,19,2000
Back at One,Brian McKnight,20,2000
Bye Bye Bye,'N Sync,21,2000
You Sang to Me,Marc Anthony,22,2000
I Need to Know,Marc Anthony,23,2000
Get It On Tonite,Montell Jordan,24,2000
Incomplete,Sisqó,25,2000
I Try,Macy Gray,26,2000
It's Gonna Be Me,'N Sync,27,2000
That's The Way It Is,Celine Dion,28,2000
Country Grammar (Hot Shit),Nelly,29,2000
Bring It All to Me,Blaque,30,2000
Show Me the Meaning of Being Lonely,Backstreet Boys,31,2000
Hot Boyz,"Missy Elliott featuring Nas, Eve and Q-Tip",32,2000
Back Here,BBMak,33,2000
It Feels So Good,Sonique,34,2000
Absolutely (Story of a Girl),Nine Days,35,2000
With Arms Wide Open,Creed,36,2000
Be with You,Enrique Iglesias,37,2000
Come On Over Baby (All I Want Is You),Christina Aguilera,38,2000
No More,Ruff Endz,39,2000
All The Small Things,Blink 182,40,2000
The Way You Love Me,Faith Hill,41,2000
I Turn To You,Christina Aguilera,42,2000
Never Let You Go,Third Eye Blind,43,2000
I Need You,LeAnn Rimes,44,2000
Thank God I Found You,Mariah Carey featuring Joe and 98 Degrees,45,2000
Let's Get Married,Jagged Edge,46,2000
My Love Is Your Love,Whitney Houston,47,2000
Then The Morning Comes,Smash Mouth,48,2000
Blue (Da Ba Dee),Eiffel 65,49,2000
Desert Rose,Sting featuring Cheb Mami,50,2000
The Real Slim Shady,Eminem,51,2000
Most Girls,Pink,52,2000
Wifey,Next,53,2000
Wonderful,Everclear,54,2000
Oops!... I Did It Again,Britney Spears,55,2000
I Wanna Love You Forever,Jessica Simpson,56,2000
Give Me Just One Night (Una Noche),98 Degrees,57,2000
Take a Picture,Filter,58,2000
Otherside,Red Hot Chili Peppers,59,2000
Big Pimpin',Jay-Z featuring UGK,60,2000
A Puro Dolor,Son by Four,61,2000
He Can't Love U,Jagged Edge,62,2000
Separated,Avant,63,2000
I Wish,Carl Thomas,64,2000
U Know What's Up,Donell Jones,65,2000
Faded,soulDecision featuring Thrust,66,2000
Only God Knows Why,Kid Rock,67,2000
Shake Ya Ass,Mystikal,68,2000
Bag Lady,Erykah Badu,69,2000
Meet Virginia,Train,70,2000
Party Up (Up in Here),DMX,71,2000
Case of the Ex,Mýa,72,2000
Forgot About Dre,Dr. Dre featuring Eminem,73,2000
That's the Way,Jo Dee Messina,74,2000
Swear It Again,Westlife,75,2000
The Next Episode,Dr. Dre featuring Snoop Dogg,76,2000
From the Bottom of My Broken Heart,Britney Spears,77,2000
Crash and Burn,Savage Garden,78,2000
Yes!,Chad Brock,79,2000
The Best Day,George Strait,80,2000
Where I Wanna Be,Donell Jones,81,2000
How Do You Like Me Now?!,Toby Keith,82,2000
My Best Friend,Tim McGraw,83,2000
Broadway,Goo Goo Dolls,84,2000
What'chu Like,Da Brat featuring Tyrese,85,2000
Don't Think I'm Not,Kandi,86,2000
I Hope You Dance,Lee Ann Womack,87,2000
Better Off Alone,Alice Deejay,88,2000
Dance with Me,Debelah Morgan,89,2000
What About Now,Lonestar,90,2000
I Like It,Sammie,91,2000
24/7,Kevon Edmonds,92,2000
Girl on TV,LFO,93,2000
Bounce with Me,Lil' Bow Wow featuring Xscape,94,2000
Cowboy Take Me Away,Dixie Chicks,95,2000
I Don't Wanna,Aaliyah,96,2000
Independent Women,Destiny's Child,97,2000
Gotta Tell You,Samantha Mumba,98,2000
Waiting for Tonight,Jennifer Lopez,99,2000
Shackles (Praise You),Mary Mary,100,2000
Hanging by a Moment,Lifehouse,1,2001
Fallin',Alicia Keys,2,2001
All for You,Janet Jackson,3,2001
Drops of Jupiter (Tell Me),Train,4,2001
I'm Real (Murder Remix),Jennifer Lopez featuring Ja Rule,5,2001
If You're Gone,Matchbox Twenty,6,2001
Let Me Blow Ya Mind,Eve featuring Gwen Stefani,7,2001
Thank You,Dido,8,2001
Again,Lenny Kravitz,9,2001
Independent Women,Destiny's Child,10,2001
Hit 'Em Up Style (Oops!),Blu Cantrell,11,2001
It Wasn't Me,Shaggy featuring Rikrok,12,2001
Stutter,Joe featuring Mystikal,13,2001
It's Been Awhile,Staind,14,2001
U Remind Me,Usher,15,2001
Where the Party At,Jagged Edge featuring Nelly,16,2001
Angel,Shaggy featuring Rayvon,17,2001
Ride wit Me,Nelly featuring City Spud,18,2001
Follow Me,Uncle Kracker,19,2001
Peaches & Cream,112,20,2001
Drive,Incubus,21,2001
What Would You Do?,City High,22,2001
Survivor,Destiny's Child,23,2001
Lady Marmalade,"Christina Aguilera, Lil' Kim, Mýa and Pink",24,2001
Ms. Jackson,OutKast,25,2001
Love Don't Cost a Thing,Jennifer Lopez,26,2001
The Way You Love Me,Faith Hill,27,2001
He Loves U Not,Dream,28,2001
Butterfly,Crazy Town,29,2001
Put It on Me,Ja Rule featuring Lil' Mo and Vita,30,2001
Family Affair,Mary J. Blige,31,2001
I Hope You Dance,Lee Ann Womack,32,2001
South Side,Moby featuring Gwen Stefani,33,2001
Don't Tell Me,Madonna,34,2001
Get Ur Freak On,Missy Elliott,35,2001
Crazy,K-Ci & JoJo,36,2001
Fill Me In,Craig David,37,2001
Someone to Call My Lover,Janet Jackson,38,2001
With Arms Wide Open,Creed,39,2001
Case of the Ex,Mýa,40,2001
All or Nothing,O-Town,41,2001
Bootylicious,Destiny's Child,42,2001
I'm Like a Bird,Nelly Furtado,43,2001
Kryptonite,3 Doors Down,44,2001
Fiesta,R. Kelly featuring Jay-Z,45,2001
When It's Over,Sugar Ray,46,2001
Jaded,Aerosmith,47,2001
Promise,Jagged Edge,48,2001
Missing You,Case,49,2001
Differences,Ginuwine,50,2001
This I Promise You,'N Sync,51,2001
Izzo (H.O.V.A.),Jay-Z,52,2001
Superwoman Pt. II,Lil' Mo featuring Fabolous,53,2001
Crazy for This Girl,Evan and Jaron,54,2001
Nobody Wants to Be Lonely,Ricky Martin and Christina Aguilera,55,2001
I Just Wanna Love U (Give It 2 Me),Jay-Z,56,2001
One Minute Man,Missy Elliott featuring Ludacris,57,2001
Danger (Been So Long),Mystikal featuring Nivea,58,2001
Only Time,Enya,59,2001
I Do!!,Toya,60,2001
Never Had a Dream Come True,S Club 7,61,2001
Stranger in My House,Tamia,62,2001
Irresistible,Jessica Simpson,63,2001
Heard It All Before,Sunshine Anderson,64,2001
The Space Between,Dave Matthews Band,65,2001
There You'll Be,Faith Hill,66,2001
Love,Musiq Soulchild,67,2001
It's Over Now,112,68,2001
No More (Baby I'ma Do Right),3LW,69,2001
Turn Off the Light,Nelly Furtado,70,2001
Ain't Nothing 'bout You,Brooks & Dunn,71,2001
Play,Jennifer Lopez,72,2001
I'm Already There,Lonestar,73,2001
My Baby,Lil' Romeo,74,2001
Beautiful Day,U2,75,2001
Austin,Blake Shelton,76,2001
Southern Hospitality,Ludacris,77,2001
Grown Men Don't Cry,Tim McGraw,78,2001
Livin' It Up,Ja Rule featuring Case,79,2001
Loverboy,Mariah Carey featuring Cameo,80,2001
Contagious,The Isley Brothers featuring R. Kelly and Chanté Moore,81,2001
Who I Am,Jessica Andrews,82,2001
Music,Erick Sermon featuring Marvin Gaye,83,2001
I Wanna Be Bad,Willa Ford,84,2001
Don't Happen Twice,Kenny Chesney,85,2001
One More Day,Diamond Rio,86,2001
I Wish,R. Kelly,87,2001
It's a Great Day to Be Alive,Travis Tritt,88,2001
I'm a Thug,Trick Daddy,89,2001
Here's to the Night,Eve 6,90,2001
You Shouldn't Kiss Me Like This,Toby Keith,91,2001
Get Over Yourself,Eden's Crush,92,2001
Dance with Me,Debelah Morgan,93,2001
So Fresh So Clean,Outkast,94,2001
E.I.,Nelly,95,2001
Be Like That,3 Doors Down,96,2001
Most Girls,Pink,97,2001
Oochie Wally,Nas and Bravehearts,98,2001
Hero,Enrique Iglesias,99,2001
Hemorrhage (In My Hands),Fuel,100,2001
How You Remind Me,Nickelback,1,2002
Foolish,Ashanti,2,2002
Hot in Herre,Nelly,3,2002
Dilemma,Nelly featuring Kelly Rowland,4,2002
Wherever You Will Go,The Calling,5,2002
A Thousand Miles,Vanessa Carlton,6,2002
In the End,Linkin Park,7,2002
What's Luv?,Fat Joe featuring Ashanti,8,2002
U Got It Bad,Usher,9,2002
Blurry,Puddle of Mudd,10,2002
Complicated,Avril Lavigne,11,2002
Always on Time,Ja Rule featuring Ashanti,12,2002
Ain't It Funny,Jennifer Lopez featuring Ja Rule,13,2002
The Middle,Jimmy Eat World,14,2002
I Need a Girl (Part One),P. Diddy featuring Usher and Loon,15,2002
U Don't Have to Call,Usher,16,2002
Family Affair,Mary J. Blige,17,2002
I Need a Girl (Part Two),"P. Diddy featuring Ginuwine, Loon and Mario Winans",18,2002
Gangsta Lovin',Eve featuring Alicia Keys,19,2002
My Sacrifice,Creed,20,2002
Without Me,Eminem,21,2002
Hero,Enrique Iglesias,22,2002
All You Wanted,Michelle Branch,23,2002
Get the Party Started,Pink,24,2002
Hero,Chad Kroeger featuring Josey Scott,25,2002
Wasting My Time,Default,26,2002
One Last Breath,Creed,27,2002
"Whenever, Wherever",Shakira,28,2002
I'm Gonna Be Alright,Jennifer Lopez featuring Nas,29,2002
Oh Boy,Cam'ron featuring Juelz Santana,30,2002
Heaven,DJ Sammy featuring Yanou and Do,31,2002
Hey Baby,No Doubt featuring Bounty Killer,32,2002
Girlfriend,'N Sync featuring Nelly,33,2002
Just a Friend 2002,Mario,34,2002
Soak Up the Sun,Sheryl Crow,35,2002
Don't Let Me Get Me,Pink,36,2002
Nothin',N.O.R.E.,37,2002
Oops (Oh My),Tweet featuring Missy Elliott,38,2002
A Moment Like This,Kelly Clarkson,39,2002
Addictive,Truth Hurts featuring Rakim,40,2002
Happy,Ashanti,41,2002
No Such Thing,John Mayer,42,2002
Just Like a Pill,Pink,43,2002
Down 4 U,"Ja Rule featuring Ashanti, Charli Baltimore and Vita",44,2002
Can't Get You Out of My Head,Kylie Minogue,45,2002
Superman (It's Not Easy),Five for Fighting,46,2002
Cleanin' Out My Closet,Eminem,47,2002
Halfcrazy,Musiq Soulchild,48,2002
"Lights, Camera, Action!",Mr. Cheeks,49,2002
Still Fly,Big Tymers,50,2002
A Woman's Worth,Alicia Keys,51,2002
7 Days,Craig David,52,2002
Hey Ma,Cam'ron featuring Juelz Santana and Freekey Zekey,53,2002
Work It,Missy Elliott,54,2002
Move Bitch,Ludacris featuring Mystikal and I-20,55,2002
Can't Fight the Moonlight,LeAnn Rimes,56,2002
Escape,Enrique Iglesias,57,2002
More than a Woman,Aaliyah,58,2002
Hella Good,No Doubt,59,2002
I Love You,Faith Evans,60,2002
Gotta Get thru This,Daniel Bedingfield,61,2002
"Pass the Courvoisier, Part II",Busta Rhymes featuring P. Diddy and Pharrell,62,2002
Lose Yourself,Eminem,63,2002
Butterflies,Michael Jackson,64,2002
What About Us?,Brandy,65,2002
Underneath Your Clothes,Shakira,66,2002
Rainy Dayz,Mary J. Blige featuring Ja Rule,67,2002
Differences,Ginuwine,68,2002
If I Could Go!,Angie Martinez featuring Lil' Mo and Sacario,69,2002
The Whole World,Outkast featuring Killer Mike,70,2002
Underneath It All,No Doubt featuring Lady Saw,71,2002
Caramel,City High featuring Eve,72,2002
Luv U Better,LL Cool J,73,2002
Gimme the Light,Sean Paul,74,2002
Gone,'N Sync,75,2002
Livin' It Up,Ja Rule featuring Case,76,2002
Rollout (My Business),Ludacris,77,2002
Here Is Gone,Goo Goo Dolls,78,2002
No More Drama,Mary J. Blige,79,2002
Days Go By,Dirty Vegas,80,2002
Baby,Ashanti,81,2002
The Good Stuff,Kenny Chesney,82,2002
We Thuggin',Fat Joe featuring R. Kelly,83,2002
Good Morning Beautiful,Steve Holy,84,2002
Rock the Boat,Aaliyah,85,2002
Drive (For Daddy Gene),Alan Jackson,86,2002
Standing Still,Jewel,87,2002
Anything,Jaheim featuring Next,88,2002
Full Moon,Brandy,89,2002
Uh Huh,B2K,90,2002
A New Day Has Come,Celine Dion,91,2002
Turn Off the Light,Nelly Furtado,92,2002
Living and Living Well,George Strait,93,2002
My List,Toby Keith,94,2002
Hands Clean,Alanis Morissette,95,2002
Sk8er Boi,Avril Lavigne,96,2002
Long Time Gone,Dixie Chicks,97,2002
Where Were You (When the World Stopped Turning),Alan Jackson,98,2002
Like I Love You,Justin Timberlake,99,2002
I Do!!,Toya,100,2002
In da Club,50 Cent,1,2003
Ignition (Remix),R. Kelly,2,2003
Get Busy,Sean Paul,3,2003
Crazy in Love,Beyoncé featuring Jay-Z,4,2003
When I'm Gone,3 Doors Down,5,2003
Unwell,Matchbox Twenty,6,2003
Right Thurr,Chingy,7,2003
Miss You,Aaliyah,8,2003
Picture,Kid Rock featuring Sheryl Crow,9,2003
Bring Me to Life,Evanescence featuring Paul McCoy,10,2003
Get Low,Lil Jon & The East Side Boyz featuring Ying Yang Twins,11,2003
Baby Boy,Beyoncé featuring Sean Paul,12,2003
Shake Ya Tailfeather,"Nelly, P. Diddy and Murphy Lee",13,2003
21 Questions,50 Cent featuring Nate Dogg,14,2003
All I Have,Jennifer Lopez featuring LL Cool J,15,2003
Beautiful,Christina Aguilera,16,2003
I Know What You Want,Busta Rhymes and Mariah Carey featuring Flipmode Squad,17,2003
I'm with You,Avril Lavigne,18,2003
Drift Away,Uncle Kracker featuring Dobie Gray,19,2003
Magic Stick,Lil' Kim featuring 50 Cent,20,2003
P.I.M.P.,50 Cent,21,2003
"Bump, Bump, Bump",B2K and P. Diddy,22,2003
Into You,Fabolous featuring Tamia,23,2003
Can't Let You Go,Fabolous featuring Lil' Mo and Mike Shorey,24,2003
Mesmerize,Ja Rule featuring Ashanti,25,2003
Where Is the Love?,The Black Eyed Peas,26,2003
The Game of Love,Santana featuring Michelle Branch,27,2003
Lose Yourself,Eminem,28,2003
Rock wit U (Awww Baby),Ashanti,29,2003
Cry Me a River,Justin Timberlake,30,2003
How You Gonna Act Like That,Tyrese,31,2003
Rock Your Body,Justin Timberlake,32,2003
No Letting Go,Wayne Wonder,33,2003
Frontin',Pharrell featuring Jay-Z,34,2003
Landslide,Dixie Chicks,35,2003
Work It,Missy Elliott,36,2003
'03 Bonnie & Clyde,Jay-Z featuring Beyoncé,37,2003
Don't Mess with My Man,Nivea featuring Jagged Edge,38,2003
So Gone,Monica,39,2003
Air Force Ones,Nelly featuring St. Lunatics,40,2003
"Never Leave You (Uh Oooh, Uh Oooh)",Lumidee,41,2003
Beautiful,Snoop Dogg featuring Pharrell and Charlie Wilson,42,2003
Gossip Folks,Missy Elliott featuring Ludacris,43,2003
Miss Independent,Kelly Clarkson,44,2003
Calling All Angels,Train,45,2003
Damn!,YoungBloodZ featuring Lil Jon,46,2003
This Is the Night,Clay Aiken,47,2003
Your Body Is a Wonderland,John Mayer,48,2003
Headstrong,Trapt,49,2003
In Those Jeans,Ginuwine,50,2003
Stand Up,Ludacris featuring Shawnna,51,2003
The Remedy (I Won't Worry),Jason Mraz,52,2003
Why Don't You & I,Santana featuring Alex Band,53,2003
Excuse Me Miss,Jay-Z,54,2003
Jenny from the Block,Jennifer Lopez featuring Jadakiss and Styles P,55,2003
Are You Happy Now?,Michelle Branch,56,2003
Forever and for Always,Shania Twain,57,2003
I Can,Nas,58,2003
Underneath It All,No Doubt featuring Lady Saw,59,2003
If You're Not the One,Daniel Bedingfield,60,2003
Thoia Thoing,R. Kelly,61,2003
Here Without You,3 Doors Down,62,2003
Wanksta,50 Cent,63,2003
My Love Is Like...Wo,Mýa,64,2003
It's Five O'Clock Somewhere,Alan Jackson featuring Jimmy Buffett,65,2003
Like Glue,Sean Paul,66,2003
Can't Hold Us Down,Christina Aguilera featuring Lil' Kim,67,2003
My Front Porch Looking In,Lonestar,68,2003
Angel,Amanda Perez,69,2003
She Hates Me,Puddle of Mudd,70,2003
Don't Wanna Try,Frankie J,71,2003
The Jump Off,Lil' Kim featuring Mr. Cheeks,72,2003
Intuition,Jewel,73,2003
Hell Yeah,Ginuwine featuring Baby,74,2003
Beer for My Horses,Toby Keith featuring Willie Nelson,75,2003
Holidae In,Chingy featuring Ludacris and Snoop Dogg,76,2003
Suga Suga,Baby Bash featuring Frankie J,77,2003
Love of My Life (An Ode to Hip-Hop),Erykah Badu featuring Common,78,2003
Fighter,Christina Aguilera,79,2003
Thugz Mansion,2Pac,80,2003
Clocks,Coldplay,81,2003
Put That Woman First,Jaheim,82,2003
Rain on Me,Ashanti,83,2003
19 Somethin',Mark Wills,84,2003
"Can't Stop, Won't Stop",Young Gunz,85,2003
Red Dirt Road,Brooks & Dunn,86,2003
What Was I Thinkin',Dierks Bentley,87,2003
Flying Without Wings,Ruben Studdard,88,2003
Sing for the Moment,Eminem,89,2003
Have You Forgotten?,Darryl Worley,90,2003
"No Shoes, No Shirt, No Problems",Kenny Chesney,91,2003
Come Over,Aaliyah,92,2003
Sick of Being Lonely,Field Mob,93,2003
Step in the Name of Love,R. Kelly,94,2003
I Want You,Thalía featuring Fat Joe,95,2003
Like a Stone,Audioslave,96,2003
Don't Know Why,Norah Jones,97,2003
Superman,Eminem,98,2003
Real Good Man,Tim McGraw,99,2003
Say Yes,Floetry,100,2003
Yeah!,Usher featuring Lil Jon and Ludacris,1,2004
Burn,Usher,2,2004
If I Ain't Got You,Alicia Keys,3,2004
This Love,Maroon 5,4,2004
The Way You Move,Outkast featuring Sleepy Brown,5,2004
The Reason,Hoobastank,6,2004
I Don't Wanna Know,Mario Winans featuring Enya and P. Diddy,7,2004
Hey Ya!,Outkast,8,2004
Goodies,Ciara featuring Petey Pablo,9,2004
Lean Back,Terror Squad,10,2004
Tipsy,J-Kwon,11,2004
Confessions Part II,Usher,12,2004
Slow Motion,Juvenile featuring Soulja Slim,13,2004
Freek-a-Leek,Petey Pablo,14,2004
Here Without You,3 Doors Down,15,2004
Slow Jamz,Twista featuring Kanye West and Jamie Foxx,16,2004
Someday,Nickelback,17,2004
Naughty Girl,Beyoncé,18,2004
My Immortal,Evanescence,19,2004
Sunshine,Lil' Flip featuring Lea,20,2004
Dirt Off Your Shoulder,Jay-Z,21,2004
Move Ya Body,Nina Sky,22,2004
Dip It Low,Christina Milian,23,2004
My Boo,Usher and Alicia Keys,24,2004
One Call Away,Chingy featuring J-Weav,25,2004
"Me, Myself and I",Beyoncé,26,2004
Turn Me On,Kevin Lyttle,27,2004
The First Cut Is the Deepest,Sheryl Crow,28,2004
You Don't Know My Name,Alicia Keys,29,2004
My Place,Nelly featuring Jaheim,30,2004
Overnight Celebrity,Twista,31,2004
Hotel,Cassidy featuring R. Kelly,32,2004
Numb,Linkin Park,33,2004
Diary,Alicia Keys featuring Tony! Toni! Toné!,34,2004
She Will Be Loved,Maroon 5,35,2004
White Flag,Dido,36,2004
Heaven,Los Lonely Boys,37,2004
It's My Life,No Doubt,38,2004
Pieces of Me,Ashlee Simpson,39,2004
Leave (Get Out),JoJo,40,2004
Milkshake,Kelis,41,2004
Splash Waterfalls,Ludacris,42,2004
Jesus Walks,Kanye West,43,2004
Locked Up,Akon featuring Styles P,44,2004
Stand Up,Ludacris featuring Shawnna,45,2004
Suga Suga,Baby Bash featuring Frankie J,46,2004
All Falls Down,Kanye West featuring Syleena Johnson,47,2004
Toxic,Britney Spears,48,2004
Salt Shaker,Ying Yang Twins featuring Lil Jon & the East Side Boyz,49,2004
With You,Jessica Simpson,50,2004
Meant to Live,Switchfoot,51,2004
I Like That,"Houston featuring Chingy, Nate Dogg and I-20",52,2004
Sorry 2004,Ruben Studdard,53,2004
My Happy Ending,Avril Lavigne,54,2004
On Fire,Lloyd Banks,55,2004
Roses,Outkast,56,2004
Walked Outta Heaven,Jagged Edge,57,2004
Lose My Breath,Destiny's Child,58,2004
My Band,D12,59,2004
I'm Still in Love with You,Sean Paul featuring Sasha,60,2004
Through the Wire,Kanye West,61,2004
Why?,Jadakiss,62,2004
Fuck It (I Don't Want You Back),Eamon,63,2004
Read Your Mind,Avant featuring Snoop Dogg,64,2004
Game Over (Flip),Lil' Flip,65,2004
One Thing,Finger Eleven,66,2004
Headsprung,LL Cool J,67,2004
Damn!,YoungBloodZ featuring Lil Jon,68,2004
Baby Boy,Beyoncé featuring Sean Paul,69,2004
Get Low,Lil Jon & the East Side Boyz featuring Ying Yang Twins,70,2004
Drop It Like It's Hot,Snoop Dogg featuring Pharrell,71,2004
U Should've Known Better,Monica,72,2004
On the Way Down,Ryan Cabrera,73,2004
Breakaway,Kelly Clarkson,74,2004
Why Don't You & I,Santana featuring Alex Band,75,2004
Are You Gonna Be My Girl,Jet,76,2004
100 Years,Five for Fighting,77,2004
Step in the Name of Love,R. Kelly,78,2004
Breaking the Habit,Linkin Park,79,2004
Gigolo,Nick Cannon featuring R. Kelly,80,2004
Live Like You Were Dying,Tim McGraw,81,2004
Remember When,Alan Jackson,82,2004
Everytime,Britney Spears,83,2004
Southside,Lloyd featuring Ashanti,84,2004
Dude,Beenie Man,85,2004
Wanna Get to Know You,G-Unit featuring Joe,86,2004
Holidae In,Chingy featuring Ludacris and Snoop Dogg,87,2004
Let's Get It Started,The Black Eyed Peas,88,2004
When the Sun Goes Down,Kenny Chesney featuring Uncle Kracker,89,2004
American Soldier,Toby Keith,90,2004
Change Clothes,Jay-Z,91,2004
Don't Tell Me,Avril Lavigne,92,2004
You'll Think of Me,Keith Urban,93,2004
Happy People,R. Kelly,94,2004
Hey Mama,The Black Eyed Peas,95,2004
Over and Over,Nelly featuring Tim McGraw,96,2004
Redneck Woman,Gretchen Wilson,97,2004
Just Lose It,Eminem,98,2004
Letters from Home,John Michael Montgomery,99,2004
I Go Back,Kenny Chesney,100,2004
We Belong Together,Mariah Carey,1,2005
Hollaback Girl,Gwen Stefani,2,2005
Let Me Love You,Mario,3,2005
Since U Been Gone,Kelly Clarkson,4,2005
"1, 2 Step",Ciara and Missy Elliott,5,2005
Gold Digger,Kanye West featuring Jamie Foxx,6,2005
Boulevard of Broken Dreams,Green Day,7,2005
Candy Shop,50 Cent featuring Olivia,8,2005
Don't Cha,The Pussycat Dolls featuring Busta Rhymes,9,2005
Behind These Hazel Eyes,Kelly Clarkson,10,2005
Disco Inferno,50 Cent,11,2005
You and Me,Lifehouse,12,2005
Don't Phunk with My Heart,The Black Eyed Peas,13,2005
Lose Control,Missy Elliott featuring Ciara and Fatman Scoop,14,2005
Shake It Off,Mariah Carey,15,2005
Mr. Brightside,The Killers,16,2005
Just a Lil Bit,50 Cent,17,2005
Pon de Replay,Rihanna,18,2005
How We Do,The Game featuring 50 Cent,19,2005
Beverly Hills,Weezer,20,2005
Oh,Ciara featuring Ludacris,21,2005
Lonely No More,Rob Thomas,22,2005
Drop It Like It's Hot,Snoop Dogg featuring Pharrell,23,2005
Hate It or Love It,The Game featuring 50 Cent,24,2005
Lovers & Friends,Lil Jon featuring Usher and Ludacris,25,2005
Soldier,Destiny's Child featuring T.I. and Lil Wayne,26,2005
Breakaway,Kelly Clarkson,27,2005
Switch,Will Smith,28,2005
Let Me Hold You,Bow Wow featuring Omarion,29,2005
Like You,Bow Wow featuring Ciara,30,2005
Rich Girl,Gwen Stefani featuring Eve,31,2005
My Humps,The Black Eyed Peas,32,2005
Obsession (No Es Amor),Frankie J featuring Baby Bash,33,2005
Caught Up,Usher,34,2005
Listen to Your Heart,DHT featuring Edmee,35,2005
Scars,Papa Roach,36,2005
Feel Good Inc.,Gorillaz,37,2005
Let Me Go,3 Doors Down,38,2005
Holiday,Green Day,39,2005
"Sugar, We're Goin Down",Fall Out Boy,40,2005
Grind with Me,Pretty Ricky,41,2005
Run It!,Chris Brown featuring Juelz Santana,42,2005
Photograph,Nickelback,43,2005
Lonely,Akon,44,2005
Collide,Howie Day,45,2005
Wake Me Up When September Ends,Green Day,46,2005
Slow Down,Bobby Valentino,47,2005
Over and Over,Nelly featuring Tim McGraw,48,2005
Some Cut,Trillville featuring Cutty,49,2005
Get It Poppin',Fat Joe featuring Nelly,50,2005
Play,David Banner,51,2005
Soul Survivor,Young Jeezy featuring Akon,52,2005
Pimpin' All Over the World,Ludacris featuring Bobby Valentino,53,2005
My Boo,Usher and Alicia Keys,54,2005
Sugar (Gimme Some),"Trick Daddy featuring Ludacris, Lil' Kim and Cee Lo Green",55,2005
Karma,Alicia Keys,56,2005
Speed of Sound,Coldplay,57,2005
I Don't Want to Be,Gavin DeGraw,58,2005
Mockingbird,Eminem,59,2005
La Tortura,Shakira featuring Alejandro Sanz,60,2005
She Will Be Loved,Maroon 5,61,2005
Baby I'm Back,Baby Bash featuring Akon,62,2005
Wait (The Whisper Song),Ying Yang Twins,63,2005
Incomplete,Backstreet Boys,64,2005
Bring Em Out,T.I.,65,2005
Cater 2 U,Destiny's Child,66,2005
1 Thing,Amerie,67,2005
Best of You,Foo Fighters,68,2005
It's Like That,Mariah Carey featuring Jermaine Dupri and Fatman Scoop,69,2005
Goin' Crazy,Natalie,70,2005
Inside Your Heaven,Carrie Underwood,71,2005
Because of You,Kelly Clarkson,72,2005
Truth Is,Fantasia,73,2005
Your Body,Pretty Ricky,74,2005
Beautiful Soul,Jesse McCartney,75,2005
Cool,Gwen Stefani,76,2005
Get Back,Ludacris,77,2005
Outta Control,50 Cent featuring Mobb Deep,78,2005
U Don't Know Me,T.I.,79,2005
These Words,Natasha Bedingfield,80,2005
Don't Lie,The Black Eyed Peas,81,2005
Get Right,Jennifer Lopez,82,2005
Daughters,John Mayer,83,2005
As Good as I Once Was,Toby Keith,84,2005
Girlfight,Brooke Valentine featuring Lil Jon and Big Boi,85,2005
Lose My Breath,Destiny's Child,86,2005
Ordinary People,John Legend,87,2005
We Be Burnin',Sean Paul,88,2005
Just the Girl,The Click Five,89,2005
True,Ryan Cabrera,90,2005
O,Omarion,91,2005
Back Then,Mike Jones,92,2005
Numb/Encore,Jay-Z and Linkin Park,93,2005
Wonderful,Ja Rule featuring R. Kelly and Ashanti,94,2005
I'm Sprung,T-Pain,95,2005
Chariot,Gavin DeGraw,96,2005
U Already Know,112 featuring Foxy Brown,97,2005
Mississippi Girl,Faith Hill,98,2005
Number One Spot,Ludacris,99,2005
Give Me That,Webbie featuring Bun B,100,2005
Bad Day,Daniel Powter,1,2006
Temperature,Sean Paul,2,2006
Promiscuous,Nelly Furtado featuring Timbaland,3,2006
You're Beautiful,James Blunt,4,2006
Hips Don't Lie,Shakira featuring Wyclef Jean,5,2006
Unwritten,Natasha Bedingfield,6,2006
Crazy,Gnarls Barkley,7,2006
Ridin',Chamillionaire featuring Krayzie Bone,8,2006
SexyBack,Justin Timberlake featuring Timbaland,9,2006
Check on It,Beyoncé featuring Slim Thug,10,2006
Be Without You,Mary J. Blige,11,2006
Grillz,"Nelly, Paul Wall and Ali & Gipp",12,2006
Over My Head (Cable Car),The Fray,13,2006
Me & U,Cassie,14,2006
Buttons,Pussycat Dolls featuring Snoop Dogg,15,2006
Run It!,Chris Brown featuring Juelz Santana,16,2006
So Sick,Ne-Yo,17,2006
It's Goin' Down,Yung Joc featuring Nitti,18,2006
SOS,Rihanna,19,2006
I Write Sins Not Tragedies,Panic! at the Disco,20,2006
Move Along,The All-American Rejects,21,2006
London Bridge,Fergie,22,2006
Dani California,Red Hot Chili Peppers,23,2006
Snap Yo Fingers,Lil Jon featuring E-40 and Sean Paul,24,2006
"Lean wit It, Rock wit It",Dem Franchize Boyz,25,2006
What Hurts the Most,Rascal Flatts,26,2006
How to Save a Life,The Fray,27,2006
Unfaithful,Rihanna,28,2006
Chasing Cars,Snow Patrol,29,2006
Lips of an Angel,Hinder,30,2006
Everytime We Touch,Cascada,31,2006
Ain't No Other Man,Christina Aguilera,32,2006
"Dance, Dance",Fall Out Boy,33,2006
Gold Digger,Kanye West featuring Jamie Foxx,34,2006
Money Maker,Ludacris featuring Pharrell,35,2006
Ms. New Booty,Bubba Sparxxx featuring Ying Yang Twins,36,2006
(When You Gonna) Give It Up to Me,Sean Paul featuring Keyshia Cole,37,2006
Photograph,Nickelback,38,2006
Because of You,Kelly Clarkson,39,2006
Stickwitu,Pussycat Dolls,40,2006
I'm 'n Luv (wit a Stripper),T-Pain featuring Mike Jones,41,2006
My Humps,The Black Eyed Peas,42,2006
Where'd You Go,Fort Minor featuring Holly Brook and Jonah Matranga,43,2006
Yo (Excuse Me Miss),Chris Brown,44,2006
Walk Away,Kelly Clarkson,45,2006
Laffy Taffy,D4L,46,2006
What You Know,T.I.,47,2006
Dirty Little Secret,The All-American Rejects,48,2006
Savin' Me,Nickelback,49,2006
Don't Forget About Us,Mariah Carey,50,2006
Sexy Love,Ne-Yo,51,2006
U and Dat,E-40 featuring T-Pain and Kandi Girl,52,2006
Far Away,Nickelback,53,2006
What's Left of Me,Nick Lachey,54,2006
So What,Field Mob featuring Ciara,55,2006
Do It to It,Cherish featuring Sean P,56,2006
Black Horse and the Cherry Tree,KT Tunstall,57,2006
There It Go (The Whistle Song),Juelz Santana,58,2006
Shoulder Lean,Young Dro featuring T.I.,59,2006
Unpredictable,Jamie Foxx featuring Ludacris,60,2006
My Love,Justin Timberlake featuring T.I.,61,2006
Shake That,Eminem featuring Nate Dogg,62,2006
Pullin' Me Back,Chingy featuring Tyrese,63,2006
Bossy,Kelis featuring Too Short,64,2006
Chain Hang Low,Jibbs,65,2006
Smack That,Akon featuring Eminem,66,2006
One Wish,Ray J,67,2006
"Sugar, We're Goin Down",Fall Out Boy,68,2006
Gimme That,Chris Brown featuring Lil Wayne,69,2006
I Know You See It,Yung Joc,70,2006
Who Says You Can't Go Home,Bon Jovi featuring Jennifer Nettles,71,2006
Too Little Too Late,JoJo,72,2006
Touch It,Busta Rhymes,73,2006
Rompe,Daddy Yankee,74,2006
Déjà Vu,Beyoncé featuring Jay-Z,75,2006
Life Is a Highway,Rascal Flatts,76,2006
Call Me When You're Sober,Evanescence,77,2006
"Jesus, Take the Wheel",Carrie Underwood,78,2006
Show Stopper,Danity Kane featuring Yung Joc,79,2006
Get Up,Ciara featuring Chamillionaire,80,2006
We Be Burnin',Sean Paul,81,2006
Hate Me,Blue October,82,2006
You and Me,Lifehouse,83,2006
Beep,Pussycat Dolls featuring will.i.am,84,2006
I Think They Like Me,"Dem Franchize Boyz featuring Jermaine Dupri, Da Brat and Bow Wow",85,2006
Say Goodbye,Chris Brown,86,2006
Waiting on the World to Change,John Mayer,87,2006
Soul Survivor,Young Jeezy featuring Akon,88,2006
Pump It,The Black Eyed Peas,89,2006
When I'm Gone,Eminem,90,2006
Hung Up,Madonna,91,2006
Stay Fly,Three 6 Mafia featuring Young Buck and 8Ball & MJG,92,2006
Love,Keyshia Cole,93,2006
When You're Mad,Ne-Yo,94,2006
Why You Wanna,T.I.,95,2006
Stupid Girls,Pink,96,2006
Feel Good Inc.,Gorillaz,97,2006
I'm Sprung,T-Pain,98,2006
Do I Make You Proud,Taylor Hicks,99,2006
For You I Will (Confidence),Teddy Geiger,100,2006
Irreplaceable,Beyoncé,1,2007
Umbrella,Rihanna featuring Jay-Z,2,2007
The Sweet Escape,Gwen Stefani featuring Akon,3,2007
Big Girls Don't Cry,Fergie,4,2007
Buy U a Drank (Shawty Snappin'),T-Pain featuring Yung Joc,5,2007
Before He Cheats,Carrie Underwood,6,2007
Hey There Delilah,Plain White T's,7,2007
I Wanna Love You,Akon featuring Snoop Dogg,8,2007
Say It Right,Nelly Furtado,9,2007
Glamorous,Fergie featuring Ludacris,10,2007
Don't Matter,Akon,11,2007
Girlfriend,Avril Lavigne,12,2007
Makes Me Wonder,Maroon 5,13,2007
Party Like a Rockstar,Shop Boyz,14,2007
Smack That,Akon featuring Eminem,15,2007
This Is Why I'm Hot,Mims,16,2007
It's Not Over,Daughtry,17,2007
The Way I Are,Timbaland featuring Keri Hilson,18,2007
Fergalicious,Fergie featuring will.i.am,19,2007
Crank That (Soulja Boy),Soulja Boy Tell 'Em,20,2007
Give It to Me,Timbaland featuring Nelly Furtado and Justin Timberlake,21,2007
What Goes Around... Comes Around,Justin Timberlake,22,2007
Cupid's Chokehold,Gym Class Heroes featuring Patrick Stump,23,2007
How to Save a Life,The Fray,24,2007
Home,Daughtry,25,2007
My Love,Justin Timberlake featuring T.I.,26,2007
Stronger,Kanye West,27,2007
We Fly High,Jim Jones,28,2007
U + Ur Hand,Pink,29,2007
Walk It Out,Unk,30,2007
Beautiful Girls,Sean Kingston,31,2007
"This Ain't a Scene, It's an Arms Race",Fall Out Boy,32,2007
Bartender,T-Pain featuring Akon,33,2007
"Pop, Lock & Drop It",Huey,34,2007
Runaway Love,Ludacris featuring Mary J. Blige,35,2007
Rockstar,Nickelback,36,2007
Thnks fr th Mmrs,Fall Out Boy,37,2007
What I've Done,Linkin Park,38,2007
Summer Love,Justin Timberlake,39,2007
You,Lloyd featuring Lil Wayne,40,2007
Wait for You,Elliott Yamin,41,2007
Last Night,Diddy featuring Keyshia Cole,42,2007
Make It Rain,Fat Joe featuring Lil Wayne,43,2007
Make Me Better,Fabolous featuring Ne-Yo,44,2007
Ice Box,Omarion featuring Timbaland,45,2007
Lips of an Angel,Hinder,46,2007
Waiting on the World to Change,John Mayer,47,2007
Lost Without U,Robin Thicke,48,2007
I'm a Flirt,R. Kelly featuring T.I. and T-Pain,49,2007
If Everyone Cared,Nickelback,50,2007
Get It Shawty,Lloyd,51,2007
Face Down,The Red Jumpsuit Apparatus,52,2007
The Way I Live,Baby Boy da Prince,53,2007
Shortie Like Mine,Bow Wow featuring Chris Brown and Johntá Austin,54,2007
It Ends Tonight,The All-American Rejects,55,2007
A Bay Bay,Hurricane Chris,56,2007
Because of You,Ne-Yo,57,2007
I Tried,Bone Thugs-n-Harmony featuring Akon,58,2007
Welcome to the Black Parade,My Chemical Romance,59,2007
Shawty,Plies featuring T-Pain,60,2007
Chasing Cars,Snow Patrol,61,2007
Beautiful Liar,Beyoncé featuring Shakira,62,2007
SexyBack,Justin Timberlake featuring Timbaland,63,2007
Keep Holding On,Avril Lavigne,64,2007
Let It Go,Keyshia Cole featuring Missy Elliott and Lil' Kim,65,2007
Apologize,Timbaland featuring OneRepublic,66,2007
Bubbly,Colbie Caillat,67,2007
Like a Boy,Ciara,68,2007
Who Knew,Pink,69,2007
Never Again,Kelly Clarkson,70,2007
Promise,Ciara,71,2007
Bed,J. Holiday,72,2007
Throw Some D's,Rich Boy featuring Polow da Don,73,2007
Rehab,Amy Winehouse,74,2007
Big Shit Poppin' (Do It),T.I.,75,2007
No One,Alicia Keys,76,2007
The Great Escape,Boys Like Girls,77,2007
2 Step,Unk,78,2007
Walk Away (Remember Me),Paula DeAnda featuring The D.E.Y.,79,2007
Go Getta,Young Jeezy featuring R. Kelly,80,2007
Here (In Your Arms),Hellogoodbye,81,2007
On the Hotline,Pretty Ricky,82,2007
Wind It Up,Gwen Stefani,83,2007
Cyclone,Baby Bash featuring T-Pain,84,2007
Break It Off,Rihanna featuring Sean Paul,85,2007
First Time,Lifehouse,86,2007
Ayo Technology,50 Cent featuring Justin Timberlake and Timbaland,87,2007
Outta My System,Bow Wow featuring T-Pain and Johntá Austin,88,2007
Teardrops on My Guitar,Taylor Swift,89,2007
Shut Up and Drive,Rihanna,90,2007
Snow (Hey Oh),Red Hot Chili Peppers,91,2007
Money Maker,Ludacris featuring Pharrell,92,2007
Kiss Kiss,Chris Brown featuring T-Pain,93,2007
Far Away,Nickelback,94,2007
Rock Yo Hips,Crime Mob and Lil' Scrappy,95,2007
LoveStoned,Justin Timberlake,96,2007
Better than Me,Hinder,97,2007
Paralyzer,Finger Eleven,98,2007
That's That,Snoop Dogg featuring R. Kelly,99,2007
Same Girl,R. Kelly featuring Usher,100,2007
Low,Flo Rida featuring T-Pain,1,2008
Bleeding Love,Leona Lewis,2,2008
No One,Alicia Keys,3,2008
Lollipop,Lil Wayne featuring Static Major,4,2008
Apologize,Timbaland featuring OneRepublic,5,2008
No Air,Jordin Sparks and Chris Brown,6,2008
Love Song,Sara Bareilles,7,2008
Love in This Club,Usher featuring Young Jeezy,8,2008
With You,Chris Brown,9,2008
Forever,Chris Brown,10,2008
Sexy Can I,Ray J featuring Yung Berg,11,2008
Take a Bow,Rihanna,12,2008
Viva la Vida,Coldplay,13,2008
I Kissed a Girl,Katy Perry,14,2008
Whatever You Like,T.I.,15,2008
Disturbia,Rihanna,16,2008
Don't Stop the Music,Rihanna,17,2008
Pocketful of Sunshine,Natasha Bedingfield,18,2008
Kiss Kiss,Chris Brown featuring T-Pain,19,2008
Closer,Ne-Yo,20,2008
Bubbly,Colbie Caillat,21,2008
Touch My Body,Mariah Carey,22,2008
4 Minutes,Madonna featuring Justin Timberlake and Timbaland,23,2008
So What,Pink,24,2008
Paralyzer,Finger Eleven,25,2008
Clumsy,Fergie,26,2008
I'm Yours,Jason Mraz,27,2008
Leavin',Jesse McCartney,28,2008
Dangerous,Kardinal Offishall featuring Akon,29,2008
Tattoo,Jordin Sparks,30,2008
See You Again,Miley Cyrus,31,2008
Shake It,Metro Station,32,2008
Stop and Stare,OneRepublic,33,2008
Take You There,Sean Kingston,34,2008
Paper Planes,M.I.A.,35,2008
Hot n Cold,Katy Perry,36,2008
Live Your Life,T.I. featuring Rihanna,37,2008
Bust It Baby (Part 2),Plies featuring Ne-Yo,38,2008
American Boy,Estelle featuring Kanye West,39,2008
Got Money,Lil Wayne featuring T-Pain,40,2008
Our Song,Taylor Swift,41,2008
Damaged,Danity Kane,42,2008
A Milli,Lil Wayne,43,2008
Sorry,Buckcherry,44,2008
Independent,Webbie featuring Lil Boosie and Lil Phat,45,2008
Can't Believe It,T-Pain featuring Lil Wayne,46,2008
Like You'll Never See Me Again,Alicia Keys,47,2008
Teardrops on My Guitar,Taylor Swift,48,2008
When I Grow Up,Pussycat Dolls,49,2008
Sexual Eruption,Snoop Dogg,50,2008
What You Got,Colby O'Donis featuring Akon,51,2008
It's Not My Time,3 Doors Down,52,2008
Better in Time,Leona Lewis,53,2008
Crank That (Soulja Boy),Soulja Boy Tell 'Em,54,2008
Shadow of the Day,Linkin Park,55,2008
Sweetest Girl (Dollar Bill),"Wyclef Jean featuring Akon, Lil Wayne and Niia",56,2008
Miss Independent,Ne-Yo,57,2008
Fall for You,Secondhand Serenade,58,2008
In the Ayer,Flo Rida featuring will.i.am,59,2008
Say,John Mayer,60,2008
One Step at a Time,Jordin Sparks,61,2008
Hate That I Love You,Rihanna featuring Ne-Yo,62,2008
Superstar,Lupe Fiasco featuring Matthew Santos,63,2008
Suffocate,J. Holiday,64,2008
Let It Rock,Kevin Rudolf featuring Lil Wayne,65,2008
Get Like Me,David Banner featuring Chris Brown,66,2008
Realize,Colbie Caillat,67,2008
Put On,Young Jeezy featuring Kanye West,68,2008
The Time of My Life,David Cook,69,2008
Lolli Lolli (Pop That Body),Three 6 Mafia,70,2008
Cyclone,Baby Bash featuring T-Pain,71,2008
Love Like This,Natasha Bedingfield featuring Sean Kingston,72,2008
Burnin' Up,Jonas Brothers featuring Big Rob,73,2008
Love Lockdown,Kanye West,74,2008
I Luv Your Girl,The-Dream,75,2008
Crush,David Archuleta,76,2008
Hypnotized,Plies featuring Akon,77,2008
Big Girls Don't Cry,Fergie,78,2008
Good Life,Kanye West featuring T-Pain,79,2008
Womanizer,Britney Spears,80,2008
Love Story,Taylor Swift,81,2008
Just Fine,Mary J. Blige,82,2008
Piece of Me,Britney Spears,83,2008
The Boss,Rick Ross featuring T-Pain,84,2008
All Summer Long,Kid Rock,85,2008
Can't Help but Wait,Trey Songz,86,2008
In Love with a Girl,Gavin DeGraw,87,2008
My Life,The Game featuring Lil Wayne,88,2008
I Remember,Keyshia Cole,89,2008
Flashing Lights,Kanye West featuring Dwele,90,2008
Mrs. Officer,Lil Wayne featuring Bobby Valentino,91,2008
7 Things,Miley Cyrus,92,2008
You're Gonna Miss This,Trace Adkins,93,2008
Love Remains the Same,Gavin Rossdale,94,2008
Feels Like Tonight,Daughtry,95,2008
The Way I Are,Timbaland featuring Keri Hilson,96,2008
Addicted,Saving Abel,97,2008
Into the Night,Santana featuring Chad Kroeger,98,2008
Heaven Sent,Keyshia Cole,99,2008
She Got It,2 Pistols featuring T-Pain and Tay Dizm,100,2008
Boom Boom Pow,The Black Eyed Peas,1,2009
Poker Face,Lady Gaga,2,2009
Just Dance,Lady Gaga featuring Colby O'Donis,3,2009
I Gotta Feeling,The Black Eyed Peas,4,2009
Love Story,Taylor Swift,5,2009
Right Round,Flo Rida,6,2009
I'm Yours,Jason Mraz,7,2009
Single Ladies (Put a Ring on It),Beyoncé,8,2009
Heartless,Kanye West,9,2009
Gives You Hell,The All-American Rejects,10,2009
You Belong with Me,Taylor Swift,11,2009
Dead and Gone,T.I. featuring Justin Timberlake,12,2009
You Found Me,The Fray,13,2009
Use Somebody,Kings of Leon,14,2009
Knock You Down,Keri Hilson featuring Kanye West and Ne-Yo,15,2009
Blame It,Jamie Foxx featuring T-Pain,16,2009
I Know You Want Me (Calle Ocho),Pitbull,17,2009
Live Your Life,T.I. featuring Rihanna,18,2009
Kiss Me thru the Phone,Soulja Boy Tell 'Em featuring Sammie,19,2009
Down,Jay Sean featuring Lil Wayne,20,2009
The Climb,Miley Cyrus,21,2009
Best I Ever Had,Drake,22,2009
My Life Would Suck Without You,Kelly Clarkson,23,2009
Halo,Beyoncé,24,2009
Hot n Cold,Katy Perry,25,2009
Second Chance,Shinedown,26,2009
Circus,Britney Spears,27,2009
Day 'n' Nite,Kid Cudi,28,2009
Party in the U.S.A.,Miley Cyrus,29,2009
Don't Trust Me,3OH!3,30,2009
Run This Town,Jay-Z featuring Rihanna and Kanye West,31,2009
Let It Rock,Kevin Rudolf featuring Lil Wayne,32,2009
Fire Burning,Sean Kingston,33,2009
Whatcha Say,Jason Derulo,34,2009
LoveGame,Lady Gaga,35,2009
Waking Up in Vegas,Katy Perry,36,2009
Birthday Sex,Jeremih,37,2009
Sober,Pink,38,2009
Womanizer,Britney Spears,39,2009
Whatever You Like,T.I.,40,2009
Obsessed,Mariah Carey,41,2009
Mad,Ne-Yo,42,2009
Good Girls Go Bad,Cobra Starship featuring Leighton Meester,43,2009
Love Lockdown,Kanye West,44,2009
So What,Pink,45,2009
Hotel Room Service,Pitbull,46,2009
Crack a Bottle,"Eminem, Dr. Dre and 50 Cent",47,2009
If I Were a Boy,Beyoncé,48,2009
Turnin Me On,Keri Hilson featuring Lil Wayne,49,2009
I Hate This Part,Pussycat Dolls,50,2009
Gotta Be Somebody,Nickelback,51,2009
Please Don't Leave Me,Pink,52,2009
Paparazzi,Lady Gaga,53,2009
Beautiful,Akon featuring Colby O'Donis and Kardinal Offishall,54,2009
Viva la Vida,Coldplay,55,2009
Right Now (Na Na Na),Akon,56,2009
Battlefield,Jordin Sparks,57,2009
Sugar,Flo Rida featuring Wynter Gordon,58,2009
Miss Independent,Ne-Yo,59,2009
Fireflies,Owl City,60,2009
New Divide,Linkin Park,61,2009
Empire State of Mind,Jay-Z featuring Alicia Keys,62,2009
No Surprise,Daughtry,63,2009
She Wolf,Shakira,64,2009
Break Up,Mario featuring Gucci Mane and Sean Garrett,65,2009
Sweet Dreams,Beyoncé,66,2009
Every Girl,Young Money,67,2009
Fallin' for You,Colbie Caillat,68,2009
Untouched,The Veronicas,69,2009
If Today Was Your Last Day,Nickelback,70,2009
Throw It in the Bag,Fabolous featuring The-Dream,71,2009
Love Drunk,Boys Like Girls,72,2009
I Love College,Asher Roth,73,2009
If U Seek Amy,Britney Spears,74,2009
Big Green Tractor,Jason Aldean,75,2009
White Horse,Taylor Swift,76,2009
Disturbia,Rihanna,77,2009
21 Guns,Green Day,78,2009
Turn My Swag On,Soulja Boy Tell 'Em,79,2009
Rockin' That Thang,The-Dream,80,2009
Chicken Fried,Zac Brown Band,81,2009
Diva,Beyoncé,82,2009
Replay,Iyaz,83,2009
Then,Brad Paisley,84,2009
Her Diamonds,Rob Thomas,85,2009
How Do You Sleep?,Jesse McCartney featuring Ludacris,86,2009
3,Britney Spears,87,2009
Forever,"Drake featuring Kanye West, Lil Wayne and Eminem",88,2009
One Time,Justin Bieber,89,2009
I Run to You,Lady Antebellum,90,2009
I Do Not Hook Up,Kelly Clarkson,91,2009
Green Light,John Legend featuring André 3000,92,2009
People Are Crazy,Billy Currington,93,2009
Whatever It Is,Zac Brown Band,94,2009
Already Gone,Kelly Clarkson,95,2009
Goodbye,Kristinia DeBarge,96,2009
Say Hey (I Love You),Michael Franti & Spearhead featuring Cherine Anderson,97,2009
Pop Champagne,Jim Jones featuring Ron Browz and Juelz Santana,98,2009
Pretty Wings,Maxwell,99,2009
Never Say Never,The Fray,100,2009
Tik Tok,Kesha,1,2010
Need You Now,Lady Antebellum,2,2010
"Hey, Soul Sister",Train,3,2010
California Gurls,Katy Perry featuring Snoop Dogg,4,2010
OMG,Usher featuring will.i.am,5,2010
Airplanes,B.o.B featuring Hayley Williams,6,2010
Love the Way You Lie,Eminem featuring Rihanna,7,2010
Bad Romance,Lady Gaga,8,2010
Dynamite,Taio Cruz,9,2010
Break Your Heart,Taio Cruz featuring Ludacris,10,2010
Nothin' on You,B.o.B featuring Bruno Mars,11,2010
I Like It,Enrique Iglesias featuring Pitbull,12,2010
BedRock,Young Money featuring Lloyd,13,2010
In My Head,Jason Derulo,14,2010
Rude Boy,Rihanna,15,2010
Telephone,Lady Gaga featuring Beyoncé,16,2010
Teenage Dream,Katy Perry,17,2010
Just the Way You Are,Bruno Mars,18,2010
Cooler Than Me,Mike Posner,19,2010
Imma Be,The Black Eyed Peas,20,2010
Empire State of Mind,Jay-Z featuring Alicia Keys,21,2010
DJ Got Us Fallin' in Love,Usher featuring Pitbull,22,2010
Billionaire,Travie McCoy featuring Bruno Mars,23,2010
Not Afraid,Eminem,24,2010
Replay,Iyaz,25,2010
Sexy Bitch,David Guetta featuring Akon,26,2010
Breakeven,The Script,27,2010
Your Love Is My Drug,Kesha,28,2010
I Gotta Feeling,The Black Eyed Peas,29,2010
Fireflies,Owl City,30,2010
Say Aah,Trey Songz featuring Fabolous,31,2010
Find Your Love,Drake,32,2010
Alejandro,Lady Gaga,33,2010
Ridin' Solo,Jason Derulo,34,2010
Just a Dream,Nelly,35,2010
How Low,Ludacris,36,2010
Like a G6,Far East Movement featuring The Cataracs and Dev,37,2010
Carry Out,Timbaland featuring Justin Timberlake,38,2010
Haven't Met You Yet,Michael Bublé,39,2010
Club Can't Handle Me,Flo Rida featuring David Guetta,40,2010
Down,Jay Sean featuring Lil Wayne,41,2010
Bulletproof,La Roux,42,2010
Whatcha Say,Jason Derulo,43,2010
Baby,Justin Bieber featuring Ludacris,44,2010
Whataya Want from Me,Adam Lambert,45,2010
Mine,Taylor Swift,46,2010
Only Girl (In the World),Rihanna,47,2010
Live Like We're Dying,Kris Allen,48,2010
Hard,Rihanna featuring Jeezy,49,2010
Young Forever,Jay-Z featuring Mr Hudson,50,2010
Blah Blah Blah,Kesha featuring 3OH!3,51,2010
Bottoms Up,Trey Songz featuring Nicki Minaj,52,2010
Do You Remember,Jay Sean featuring Sean Paul and Lil Jon,53,2010
All the Right Moves,OneRepublic,54,2010
According to You,Orianthi,55,2010
My Chick Bad,Ludacris featuring Nicki Minaj,56,2010
You Belong with Me,Taylor Swift,57,2010
Meet Me Halfway,The Black Eyed Peas,58,2010
Take It Off,Kesha,59,2010
Over,Drake,60,2010
Animal,Neon Trees,61,2010
Misery,Maroon 5,62,2010
Magic,B.o.B featuring Rivers Cuomo,63,2010
Paparazzi,Lady Gaga,64,2010
Tie Me Down,New Boyz featuring Ray J,65,2010
Your Love,Nicki Minaj,66,2010
Party in the U.S.A.,Miley Cyrus,67,2010
Deuces,Chris Brown featuring Tyga and Kevin McCall,68,2010
3,Britney Spears,69,2010
Impossible,Shontelle,70,2010
Forever,"Drake featuring Kanye West, Lil Wayne and Eminem",71,2010
Two Is Better Than One,Boys Like Girls featuring Taylor Swift,72,2010
My First Kiss,3OH!3 featuring Kesha,73,2010
Already Gone,Kelly Clarkson,74,2010
Rock That Body,The Black Eyed Peas,75,2010
Secrets,OneRepublic,76,2010
Naturally,Selena Gomez & the Scene,77,2010
Un-Thinkable (I'm Ready),Alicia Keys,78,2010
All I Do Is Win,"DJ Khaled featuring T-Pain, Ludacris, Snoop Dogg and Rick Ross",79,2010
I Made It (Cash Money Heroes),"Kevin Rudolf featuring Birdman, Jay Sean and Lil Wayne",80,2010
Stuck Like Glue,Sugarland,81,2010
Hey Daddy (Daddy's Home),Usher featuring Plies,82,2010
There Goes My Baby,Usher,83,2010
Today Was a Fairytale,Taylor Swift,84,2010
Say Something,Timbaland featuring Drake,85,2010
Sweet Dreams,Beyoncé,86,2010
Use Somebody,Kings of Leon,87,2010
Undo It,Carrie Underwood,88,2010
Eenie Meenie,Sean Kingston and Justin Bieber,89,2010
Right Above It,Lil Wayne featuring Drake,90,2010
The House That Built Me,Miranda Lambert,91,2010
If I Die Young,The Band Perry,92,2010
The Only Exception,Paramore,93,2010
American Honey,Lady Antebellum,94,2010
King of Anything,Sara Bareilles,95,2010
Life After You,Daughtry,96,2010
Smile,Uncle Kracker,97,2010
Teach Me How to Dougie,Cali Swag District,98,2010
Try Sleeping with a Broken Heart,Alicia Keys,99,2010
"Lover, Lover",Jerrod Niemann,100,2010
Rolling in the Deep,Adele,1,2011
Party Rock Anthem,LMFAO featuring Lauren Bennett and GoonRock,2,2011
Firework,Katy Perry,3,2011
E.T.,Katy Perry featuring Kanye West,4,2011
Give Me Everything,"Pitbull featuring Ne-Yo, Afrojack and Nayer",5,2011
Grenade,Bruno Mars,6,2011
Fuck You,CeeLo Green,7,2011
Super Bass,Nicki Minaj,8,2011
Moves like Jagger,Maroon 5 featuring Christina Aguilera,9,2011
Just Can't Get Enough,The Black Eyed Peas,10,2011
On the Floor,Jennifer Lopez featuring Pitbull,11,2011
S&M,Rihanna,12,2011
Pumped Up Kicks,Foster the People,13,2011
Last Friday Night (T.G.I.F.),Katy Perry,14,2011
Just the Way You Are,Bruno Mars,15,2011
Tonight (I'm Lovin' You),Enrique Iglesias featuring Ludacris and DJ Frank E,16,2011
Raise Your Glass,Pink,17,2011
Born This Way,Lady Gaga,18,2011
Fuckin' Perfect,Pink,19,2011
What's My Name?,Rihanna featuring Drake,20,2011
Look at Me Now,Chris Brown featuring Lil Wayne and Busta Rhymes,21,2011
Down on Me,Jeremih featuring 50 Cent,22,2011
How to Love,Lil Wayne,23,2011
Someone Like You,Adele,24,2011
Good Life,OneRepublic,25,2011
The Lazy Song,Bruno Mars,26,2011
Till the World Ends,Britney Spears,27,2011
The Show Goes On,Lupe Fiasco,28,2011
The Edge of Glory,Lady Gaga,29,2011
We R Who We R,Kesha,30,2011
Black and Yellow,Wiz Khalifa,31,2011
Tonight Tonight,Hot Chelle Rae,32,2011
Blow,Kesha,33,2011
Lighters,Bad Meets Evil featuring Bruno Mars,34,2011
If I Die Young,The Band Perry,35,2011
Stereo Hearts,Gym Class Heroes featuring Adam Levine,36,2011
The Time (Dirty Bit),The Black Eyed Peas,37,2011
Coming Home,Diddy – Dirty Money featuring Skylar Grey,38,2011
Hey Baby (Drop It to the Floor),Pitbull featuring T-Pain,39,2011
Only Girl (In the World),Rihanna,40,2011
6 Foot 7 Foot,Lil Wayne featuring Cory Gunz,41,2011
Just a Kiss,Lady Antebellum,42,2011
Dirt Road Anthem,Jason Aldean,43,2011
Dynamite,Taio Cruz,44,2011
No Hands,Waka Flocka Flame featuring Wale and Roscoe Dash,45,2011
I Wanna Go,Britney Spears,46,2011
I'm on One,"DJ Khaled featuring Drake, Rick Ross and Lil Wayne",47,2011
You Make Me Feel...,Cobra Starship featuring Sabi,48,2011
Yeah 3x,Chris Brown,49,2011
Moment 4 Life,Nicki Minaj featuring Drake,50,2011
I Need a Doctor,Dr. Dre featuring Eminem and Skylar Grey,51,2011
Just a Dream,Nelly,52,2011
Motivation,Kelly Rowland featuring Lil Wayne,53,2011
Stereo Love,Edward Maya featuring Vika Jigulina,54,2011
Jar of Hearts,Christina Perri,55,2011
Roll Up,Wiz Khalifa,56,2011
Sexy and I Know It,LMFAO,57,2011
Rocketeer,Far East Movement featuring Ryan Tedder,58,2011
All of the Lights,Kanye West featuring Rihanna,59,2011
Hold It Against Me,Britney Spears,60,2011
More,Usher,61,2011
What the Hell,Avril Lavigne,62,2011
Written in the Stars,Tinie Tempah featuring Eric Turner,63,2011
Bottoms Up,Trey Songz featuring Nicki Minaj,64,2011
DJ Got Us Fallin' in Love,Usher featuring Pitbull,65,2011
For the First Time,The Script,66,2011
Honey Bee,Blake Shelton,67,2011
Don't You Wanna Stay,Jason Aldean featuring Kelly Clarkson,68,2011
We Found Love,Rihanna featuring Calvin Harris,69,2011
Pretty Girl Rock,Keri Hilson,70,2011
Yoü and I,Lady Gaga,71,2011
Like a G6,Far East Movement featuring The Cataracs and Dev,72,2011
Without You,David Guetta featuring Usher,73,2011
Back to December,Taylor Swift,74,2011
Teenage Dream,Katy Perry,75,2011
Crazy Girl,Eli Young Band,76,2011
Cheers (Drink to That),Rihanna,77,2011
Who Says,Selena Gomez & the Scene,78,2011
Barefoot Blue Jean Night,Jake Owen,79,2011
Knee Deep,Zac Brown Band featuring Jimmy Buffett,80,2011
Country Girl (Shake It for Me),Luke Bryan,81,2011
Remind Me,Brad Paisley and Carrie Underwood,82,2011
In the Dark,Dev,83,2011
Backseat,New Boyz featuring The Cataracs and Dev,84,2011
Headlines,Drake,85,2011
Best Thing I Never Had,Beyoncé,86,2011
Don't Wanna Go Home,Jason Derulo,87,2011
Where Them Girls At,David Guetta featuring Flo Rida and Nicki Minaj,88,2011
She Ain't You,Chris Brown,89,2011
Take a Back Road,Rodney Atkins,90,2011
Please Don't Go,Mike Posner,91,2011
Sure Thing,Miguel,92,2011
Price Tag,Jessie J featuring B.o.B,93,2011
God Gave Me You,Blake Shelton,94,2011
She Will,Lil Wayne featuring Drake,95,2011
Are You Gonna Kiss Me or Not,Thompson Square,96,2011
Animal,Neon Trees,97,2011
You and Tequila,Kenny Chesney featuring Grace Potter,98,2011
Colder Weather,Zac Brown Band,99,2011
My Last,Big Sean featuring Chris Brown,100,2011
Somebody That I Used to Know,Gotye featuring Kimbra,1,2012
Call Me Maybe,Carly Rae Jepsen,2,2012
We Are Young,Fun featuring Janelle Monáe,3,2012
Payphone,Maroon 5 featuring Wiz Khalifa,4,2012
Lights,Ellie Goulding,5,2012
Glad You Came,The Wanted,6,2012
Stronger (What Doesn't Kill You),Kelly Clarkson,7,2012
We Found Love,Rihanna featuring Calvin Harris,8,2012
Starships,Nicki Minaj,9,2012
What Makes You Beautiful,One Direction,10,2012
Wild Ones,Flo Rida featuring Sia,11,2012
Set Fire to the Rain,Adele,12,2012
Sexy and I Know It,LMFAO,13,2012
Some Nights,Fun,14,2012
Wide Awake,Katy Perry,15,2012
Good Feeling,Flo Rida,16,2012
Whistle,Flo Rida,17,2012
One More Night,Maroon 5,18,2012
Drive By,Train,19,2012
The Motto,Drake featuring Lil Wayne,20,2012
Where Have You Been,Rihanna,21,2012
Everybody Talks,Neon Trees,22,2012
Take Care,Drake featuring Rihanna,23,2012
Titanium,David Guetta featuring Sia,24,2012
I Won't Give Up,Jason Mraz,25,2012
It Will Rain,Bruno Mars,26,2012
Mercy,"Kanye West, Big Sean, Pusha T and 2 Chainz",27,2012
Boyfriend,Justin Bieber,28,2012
Party Rock Anthem,LMFAO featuring Lauren Bennett and GoonRock,29,2012
Too Close,Alex Clare,30,2012
Part of Me,Katy Perry,31,2012
"Young, Wild & Free",Snoop Dogg and Wiz Khalifa featuring Bruno Mars,32,2012
We Are Never Ever Getting Back Together,Taylor Swift,33,2012
As Long as You Love Me,Justin Bieber featuring Big Sean,34,2012
Turn Me On,David Guetta featuring Nicki Minaj,35,2012
Moves like Jagger,Maroon 5 featuring Christina Aguilera,36,2012
Blow Me (One Last Kiss),Pink,37,2012
Good Time,Owl City and Carly Rae Jepsen,38,2012
Give Your Heart a Break,Demi Lovato,39,2012
Niggas in Paris,Jay-Z and Kanye West,40,2012
The One That Got Away,Katy Perry,41,2012
Feel So Close,Calvin Harris,42,2012
Someone like You,Adele,43,2012
Scream,Usher,44,2012
Rack City,Tyga,45,2012
Domino,Jessie J,46,2012
Gangnam Style,Psy,47,2012
International Love,Pitbull featuring Chris Brown,48,2012
Home,Phillip Phillips,49,2012
Without You,David Guetta featuring Usher,50,2012
Ass Back Home,Gym Class Heroes featuring Neon Hitch,51,2012
Wanted,Hunter Hayes,52,2012
Drunk on You,Luke Bryan,53,2012
No Lie,2 Chainz featuring Drake,54,2012
Want U Back,Cher Lloyd,55,2012
Don't Wake Me Up,Chris Brown,56,2012
Dance (A$$),Big Sean featuring Nicki Minaj,57,2012
Springsteen,Eric Church,58,2012
Brokenhearted,Karmin,59,2012
Not Over You,Gavin DeGraw,60,2012
Stereo Hearts,Gym Class Heroes featuring Adam Levine,61,2012
Back in Time,Pitbull,62,2012
Work Out,J. Cole,63,2012
Rumour Has It,Adele,64,2012
Let's Go,Calvin Harris featuring Ne-Yo,65,2012
Good Girl,Carrie Underwood,66,2012
Pontoon,Little Big Town,67,2012
Ho Hey,The Lumineers,68,2012
Paradise,Coldplay,69,2012
Blown Away,Carrie Underwood,70,2012
Rolling in the Deep,Adele,71,2012
Climax,Usher,72,2012
"Work Hard, Play Hard",Wiz Khalifa,73,2012
Let Me Love You (Until You Learn to Love Yourself),Ne-Yo,74,2012
Pound the Alarm,Nicki Minaj,75,2012
Come Over,Kenny Chesney,76,2012
Heart Attack,Trey Songz,77,2012
Drank in My Cup,Kirko Bangz,78,2012
Birthday Cake,Rihanna featuring Chris Brown,79,2012
So Good,B.o.B,80,2012
50 Ways to Say Goodbye,Train,81,2012
Red Solo Cup,Toby Keith,82,2012
Love You like a Love Song,Selena Gomez & the Scene,83,2012
Turn Up the Music,Chris Brown,84,2012
Die Young,Kesha,85,2012
5 O'Clock,T-Pain featuring Wiz Khalifa and Lily Allen,86,2012
A Thousand Years,Christina Perri,87,2012
Take a Little Ride,Jason Aldean,88,2012
You da One,Rihanna,89,2012
We Run the Night,Havana Brown featuring Pitbull,90,2012
It's Time,Imagine Dragons,91,2012
Cashin' Out,Cash Out,92,2012
I Don't Want This Night to End,Luke Bryan,93,2012
Diamonds,Rihanna,94,2012
Hard to Love,Lee Brice,95,2012
Somethin' 'Bout a Truck,Kip Moore,96,2012
Adorn,Miguel,97,2012
Fly Over States,Jason Aldean,98,2012
Even If It Breaks Your Heart,Eli Young Band,99,2012
Burn It Down,Linkin Park,100,2012
Thrift Shop,Macklemore and Ryan Lewis featuring Wanz,1,2013
Blurred Lines,Robin Thicke featuring T.I. and Pharrell Williams,2,2013
Radioactive,Imagine Dragons,3,2013
Harlem Shake,Baauer,4,2013
Can't Hold Us,Macklemore and Ryan Lewis featuring Ray Dalton,5,2013
Mirrors,Justin Timberlake,6,2013
Just Give Me a Reason,Pink featuring Nate Ruess,7,2013
When I Was Your Man,Bruno Mars,8,2013
Cruise,Florida Georgia Line featuring Nelly,9,2013
Roar,Katy Perry,10,2013
Locked Out of Heaven,Bruno Mars,11,2013
Ho Hey,The Lumineers,12,2013
Stay,Rihanna featuring Mikky Ekko,13,2013
Get Lucky,Daft Punk featuring Pharrell Williams,14,2013
Royals,Lorde,15,2013
I Knew You Were Trouble,Taylor Swift,16,2013
We Can't Stop,Miley Cyrus,17,2013
Wrecking Ball,Miley Cyrus,18,2013
Wake Me Up,Avicii,19,2013
Suit & Tie,Justin Timberlake featuring Jay-Z,20,2013
Cups (Pitch Perfect's When I'm Gone),Anna Kendrick,21,2013
Holy Grail,Jay Z featuring Justin Timberlake,22,2013
Scream & Shout,will.i.am featuring Britney Spears,23,2013
Clarity,Zedd featuring Foxes,24,2013
Sail,Awolnation,25,2013
Don't You Worry Child,Swedish House Mafia featuring John Martin,26,2013
Diamonds,Rihanna,27,2013
I Love It,Icona Pop featuring Charli XCX,28,2013
Safe and Sound,Capital Cities,29,2013
Treasure,Bruno Mars,30,2013
The Way,Ariana Grande featuring Mac Miller,31,2013
Started from the Bottom,Drake,32,2013
Come & Get It,Selena Gomez,33,2013
"Hold On, We're Going Home",Drake featuring Majid Jordan,34,2013
Daylight,Maroon 5,35,2013
Feel This Moment,Pitbull featuring Christina Aguilera,36,2013
Applause,Lady Gaga,37,2013
One More Night,Maroon 5,38,2013
Love Me,Lil Wayne featuring Drake and Future,39,2013
My Songs Know What You Did in the Dark (Light Em Up),Fall Out Boy,40,2013
Fuckin' Problems,"A$AP Rocky featuring Drake, 2 Chainz and Kendrick Lamar",41,2013
Beauty and a Beat,Justin Bieber featuring Nicki Minaj,42,2013
Same Love,Macklemore and Ryan Lewis featuring Mary Lambert,43,2013
Sweet Nothing,Calvin Harris featuring Florence Welch,44,2013
Summertime Sadness,Lana Del Rey and Cédric Gervais,45,2013
Home,Phillip Phillips,46,2013
It's Time,Imagine Dragons,47,2013
Power Trip,J. Cole featuring Miguel,48,2013
Girl on Fire,Alicia Keys,49,2013
Heart Attack,Demi Lovato,50,2013
Love Somebody,Maroon 5,51,2013
I Will Wait,Mumford & Sons,52,2013
Try,Pink,53,2013
Wagon Wheel,Darius Rucker,54,2013
Gangnam Style,Psy,55,2013
I Need Your Love,Calvin Harris featuring Ellie Goulding,56,2013
Die Young,Kesha,57,2013
Some Nights,Fun,58,2013
Bad,Wale featuring Tiara Thomas,59,2013
Boys 'Round Here,Blake Shelton featuring Pistol Annies and Friends,60,2013
"Gone, Gone, Gone",Phillip Phillips,61,2013
Demons,Imagine Dragons,62,2013
Counting Stars,OneRepublic,63,2013
I Cry,Flo Rida,64,2013
Little Talks,Of Monsters and Men,65,2013
The Other Side,Jason Derulo,66,2013
Berzerk,Eminem,67,2013
Catch My Breath,Kelly Clarkson,68,2013
Crash My Party,Luke Bryan,69,2013
Pour It Up,Rihanna,70,2013
22,Taylor Swift,71,2013
I Want Crazy,Hunter Hayes,72,2013
The Fox (What Does the Fox Say?),Ylvis,73,2013
Best Song Ever,One Direction,74,2013
The A Team,Ed Sheeran,75,2013
Carry On,Fun,76,2013
Highway Don't Care,Tim McGraw featuring Taylor Swift and Keith Urban,77,2013
That's My Kind of Night,Luke Bryan,78,2013
Swimming Pools (Drank),Kendrick Lamar,79,2013
Sure Be Cool If You Did,Blake Shelton,80,2013
#Beautiful,Mariah Carey featuring Miguel,81,2013
Troublemaker,Olly Murs featuring Flo Rida,82,2013
Body Party,Ciara,83,2013
Adorn,Miguel,84,2013
Hall of Fame,The Script featuring will.i.am,85,2013
Let Me Love You (Until You Learn to Love Yourself),Ne-Yo,86,2013
U.O.E.N.O.,Rocko featuring Future and Rick Ross,87,2013
Next to Me,Emeli Sandé,88,2013
Mama's Broken Heart,Miranda Lambert,89,2013
It Goes Like This,Thomas Rhett,90,2013
Bugatti,Ace Hood featuring Future and Rick Ross,91,2013
Wanted,Hunter Hayes,92,2013
Downtown,Lady Antebellum,93,2013
Get Your Shine On,Florida Georgia Line,94,2013
#thatPower,will.i.am featuring Justin Bieber,95,2013
Brave,Sara Bareilles,96,2013
Let Her Go,Passenger,97,2013
Runnin' Outta Moonlight,Randy Houser,98,2013
I'm Different,2 Chainz,99,2013
Still Into You,Paramore,100,2013
Happy,Pharrell Williams,1,2014
Dark Horse,Katy Perry featuring Juicy J,2,2014
All of Me,John Legend,3,2014
Fancy,Iggy Azalea featuring Charli XCX,4,2014
Counting Stars,OneRepublic,5,2014
Talk Dirty,Jason Derulo featuring 2 Chainz,6,2014
Rude,Magic!,7,2014
All About That Bass,Meghan Trainor,8,2014
Problem,Ariana Grande featuring Iggy Azalea,9,2014
Stay with Me,Sam Smith,10,2014
Timber,Pitbull featuring Kesha,11,2014
Pompeii,Bastille,12,2014
Shake It Off,Taylor Swift,13,2014
Am I Wrong,Nico & Vinz,14,2014
Turn Down for What,DJ Snake and Lil Jon,15,2014
The Monster,Eminem featuring Rihanna,16,2014
Say Something,A Great Big World and Christina Aguilera,17,2014
Team,Lorde,18,2014
Let Her Go,Passenger,19,2014
Royals,Lorde,20,2014
Let It Go,Idina Menzel,21,2014
Wake Me Up,Avicii,22,2014
Demons,Imagine Dragons,23,2014
Story of My Life,One Direction,24,2014
Chandelier,Sia,25,2014
Black Widow,Iggy Azalea featuring Rita Ora,26,2014
Bang Bang,"Jessie J, Ariana Grande, and Nicki Minaj",27,2014
Latch,Disclosure featuring Sam Smith,28,2014
Maps,Maroon 5,29,2014
Loyal,"Chris Brown featuring Lil Wayne and French Montana, Too Short, or Tyga",30,2014
Best Day of My Life,American Authors,31,2014
Habits (Stay High),Tove Lo,32,2014
Summer,Calvin Harris,33,2014
Boom Clap,Charli XCX,34,2014
Drunk in Love,Beyoncé featuring Jay Z,35,2014
Anaconda,Nicki Minaj,36,2014
Break Free,Ariana Grande featuring Zedd,37,2014
Bailando,Enrique Iglesias featuring Descemer Bueno and Gente de Zona,38,2014
Burn,Ellie Goulding,39,2014
Wiggle,Jason Derulo featuring Snoop Dogg,40,2014
Rather Be,Clean Bandit featuring Jess Glynne,41,2014
Don't Tell 'Em,Jeremih featuring YG,42,2014
Show Me,Kid Ink featuring Chris Brown,43,2014
Wrecking Ball,Miley Cyrus,44,2014
Not a Bad Thing,Justin Timberlake,45,2014
Roar,Katy Perry,46,2014
Ain't It Fun,Paramore,47,2014
The Man,Aloe Blacc,48,2014
This Is How We Roll,Florida Georgia Line featuring Luke Bryan,49,2014
Classic,MKTO,50,2014
A Sky Full of Stars,Coldplay,51,2014
Don't,Ed Sheeran,52,2014
Na Na,Trey Songz,53,2014
Hot Boy,Bobby Shmurda,54,2014
"Hold On, We're Going Home",Drake featuring Majid Jordan,55,2014
Sing,Ed Sheeran,56,2014
Radioactive,Imagine Dragons,57,2014
My Hitta,YG featuring Jeezy and Rich Homie Quan,58,2014
Cool Kids,Echosmith,59,2014
Hey Brother,Avicii,60,2014
Trumpets,Jason Derulo,61,2014
Animals,Maroon 5,62,2014
Burnin' It Down,Jason Aldean,63,2014
Play It Again,Luke Bryan,64,2014
2 On,Tinashe featuring ScHoolboy Q,65,2014
Dirt,Florida Georgia Line,66,2014
Love Runs Out,OneRepublic,67,2014
Bottoms Up,Brantley Gilbert,68,2014
Shower,Becky G,69,2014
Me and My Broken Heart,Rixton,70,2014
Animals,Martin Garrix,71,2014
Lifestyle,Rich Gang featuring Young Thug and Rich Homie Quan,72,2014
American Kids,Kenny Chesney,73,2014
Brave,Sara Bareilles,74,2014
Sweater Weather,The Neighbourhood,75,2014
Leave the Night On,Sam Hunt,76,2014
New Flame,Chris Brown featuring Usher and Rick Ross,77,2014
Love Never Felt So Good,Michael Jackson and Justin Timberlake,78,2014
Drunk on a Plane,Dierks Bentley,79,2014
Birthday,Katy Perry,80,2014
Bartender,Lady Antebellum,81,2014
La La La,Naughty Boy featuring Sam Smith,82,2014
Blurred Lines,Robin Thicke featuring T.I. and Pharrell Williams,83,2014
Do What U Want,Lady Gaga featuring R. Kelly,84,2014
Can't Remember to Forget You,Shakira featuring Rihanna,85,2014
Amnesia,5 Seconds of Summer,86,2014
No Mediocre,T.I. featuring Iggy Azalea,87,2014
Come with Me Now,KONGOS,88,2014
Believe Me,Lil Wayne featuring Drake,89,2014
23,"Mike WiLL Made-It featuring Miley Cyrus, Wiz Khalifa, and Juicy J",90,2014
Beachin',Jake Owen,91,2014
White Walls,Macklemore & Ryan Lewis featuring ScHoolboy Q and Hollis,92,2014
She Looks So Perfect,5 Seconds of Summer,93,2014
Stay the Night,Zedd featuring Hayley Williams,94,2014
Partition,Beyoncé,95,2014
Studio,ScHoolboy Q featuring BJ the Chicago Kid,96,2014
0 to 100 / The Catch Up,Drake,97,2014
I Don't Dance,Lee Brice,98,2014
Somethin' Bad,Miranda Lambert and Carrie Underwood,99,2014
Adore You,Miley Cyrus,100,2014
